Workbook

Sheet START HERE
A1: Grade 7 ELA Pre/Post Assessment — Results Reporting Workbook
A4: What this workbook does
C5: You enter item-level scores. It computes reporting-category profiles, achievement levels, growth statistics, item difficulty, and ready-to-teach intervention groups — automatically, for every student.
A7: Do this, in this order
B8: 1. Roster | C8: Enter your students. Anything you type in a YELLOW cell is an input; everything else is a formula and should be left alone. Row 6 contains an example student — overwrite it.
B9: 2. Pre-Test Entry | C9: After administering Form A, enter the points earned on each item. Enter 0 for a wrong answer, not a blank. Blanks are treated as 'not yet tested'.
B10: 3. Student Report | C10: Read the profile. It is computed the moment you finish entering.
B11: 4. Intervention Groups | C11: Sort by column F. That column is each student's primary instructional group.
B12: 5. Post-Test Entry | C12: After administering Form B in the spring, enter scores the same way.
B13: 6. Class Dashboard | C13: Growth, effect size, and level movement for the whole class or by period.
A15: Cell colors
B16: Yellow | C16: You type here. These are the only cells you should edit.
B17: White / grey | C17: Formulas. Editing one breaks the report for that student.
B18: Blue text | C18: A value you may change deliberately (cut scores, thresholds) on the Settings sheet.
A20: Score entry rules
B21: Items 1-38 | C21: Enter the points earned: 0 or 1 for 1-point items; 0, 1, or 2 for 2-point items. The maximum for each item is shown in row 4 of the entry sheet.
B22: Item 39 (essay) | C22: Enter THREE separate trait scores: Q39_T1 (0-3), Q39_T2 (0-3), Q39_T3 (0-2). Half-points are allowed if you double-scored and averaged.
B23: Essay condition code | C23: If the essay could not be rubric-scored, leave the three trait cells BLANK and enter a code (A-E) in the Essay Cond Code column. See the scoring guide.
A25: Three things worth knowing before you report any of this
B26: Category scores are small | C26: A category rests on as few as 6 points. Treat a low category percent as a HYPOTHESIS to confirm against the student's actual work — never as a diagnosis on its own. The Student Report shows the items missed for exactly this reason.
B27: Not every gain is real | C27: The workbook computes a Reliable Change Index. A gain smaller than the reliable-change threshold on the Settings sheet may be measurement noise. Report small individual gains as class-level movement, not as student growth.
B28: Cut scores are provisional | C28: The achievement levels here were set by content review, not by a state standard-setting panel. They are instructional triage, NOT a prediction of a student's Georgia Milestones level. Replace them with locally derived cuts after your first full year.
A30: Sheets in this workbook
B31: Settings | C31: Cut scores, mastery thresholds, growth target, and the intervention lookup table. All editable.
B32: Roster | C32: Student names, class period, form order, and subgroup flags.
B33: Pre-Test Entry / Post-Test Entry | C33: Item-level score entry for Form A and Form B.
B34: Student Report | C34: One row per student: totals, levels, growth statistics, category profile, weakest areas, and a recommended instructional focus.
B35: Class Dashboard | C35: Class and period summaries, level distributions, category means, and effect size.
B36: Item Analysis | C36: Item difficulty (p-values), discrimination, pre/post change, Cronbach's alpha, and flags for items that are not working.
B37: Intervention Groups | C37: Mastery heat map plus each student's primary and secondary instructional group.
B38: Standards Coverage | C38: Which Grade 7 expectations this instrument does and does not measure.
B40: Source of truth | C40: Georgia's K-12 ELA Standards, Grade 7 (May 2023) · Georgia Milestones Grade 7 ELA Assessment Blueprint (August 2025) · Draft Grade 7 ELA Achievement Level Descriptors (October 2025) · Georgia Milestones Grade 7 Eight-Point, Three-Trait Writing Rubric (August 2026) · Grade 7 Classroom Peer Revision Guidance (February 2026).

Sheet Settings
A1: Settings — cut scores, thresholds, and the intervention lookup table | Y1: Helper: class-period filter used by the Class Dashboard | Z1: =IF('Class Dashboard'!$B$4="","*",'Class Dashboard'!$B$4)
A2: Blue values are editable. Every formula in this workbook reads from these cells, so changing one here updates every report.
A4: Achievement level cut scores (raw points out of 60)
A5: Developing Learner — minimum raw score | B5: 30 | D5: Below this score a student is a Beginning Learner. Default = 50% of 60.
A6: Proficient Learner — minimum raw score | B6: 39 | D6: Default = 65% of 60.
A7: Distinguished Learner — minimum raw score | B7: 49 | D7: Default = 82% of 60.
A8: Total points possible | B8: 60 | D8: Do not change unless you shorten the instrument.
A10: Category mastery thresholds (percent of category points)
A11: Mastered — minimum percent | B11: 0.8 | D11: At or above: maintain through spiral review.
A12: Approaching — minimum percent | B12: 0.6 | D12: Between this and Mastered: targeted small-group instruction. Below: explicit reteaching.
A14: Growth measurement
A15: Individual growth target (raw points) | B15: 9 | D15: Roughly half a standard deviation. Set BELOW the reliable-change threshold so it works as a goal, not a statistical claim.
A16: Assumed reliability (Cronbach's alpha) | B16: 0.85 | D16: Replace with the value computed on the Item Analysis sheet once you have a full class of data.
A17: Standard error of measurement (computed) | B17: =IFERROR(ROUND(STDEV('Student Report'!$D$6:$D$155)*SQRT(1-$B$16),2),"") | D17: SD of pre-test scores x SQRT(1 - reliability). Populates once pre-test data is entered.
A18: Reliable change threshold (raw points) | B18: =IFERROR(ROUND($B$17*SQRT(2)*1.96,1),"") | D18: A gain at or above this is statistically reliable for an individual student (95% confidence). Smaller gains may be measurement noise.
A20: Scoring quality (enter after double-scoring the essays)
A21: Essay double-scoring exact-agreement rate | D21: Below 70%, do not report individual essay growth — report class-level trait movement only.
A22: Number of essays double-scored | D22: Target: at least 20% of papers.
A24: Reporting category reference and intervention lookup
A25: Column C max points replicate the Georgia Milestones Grade 7 ELA blueprint exactly. Columns D and E feed the Recommended Focus column on the Student Report.
A27: Code | B27: Category | C27: Max pts | D27: Primary instructional focus | E27: Where to start
A28: I-CSS | B28: Interpreting — Context, Structure & Style | C28: 6 | D28: Author's purpose and audience; perspective, tone, and credibility; how structure and figurative language shape meaning | E28: Model 'why did the author build it this way?' on short texts. Standards 7.T.C.1.a, 7.T.C.2.a-b, 7.T.SS.1.a, 7.T.SS.2.a.
A29: I-TEC | B29: Interpreting — Techniques | C29: 16 | D29: Narrative, expository, argumentative, and poetic technique analysis; theme; claim and counterclaim; comparing two authors on one topic | E29: Largest category on the test (16 pts). Split by technique type before grouping — narrative gaps and argumentative gaps need different lessons.
A30: I-PRA | B30: Interpreting — Periods & Movements + Research | C30: 6 | D30: Myth and adaptation analysis; comparing fiction to an account of the same material; source credibility, relevance, and bibliographic information | E30: Pair every literary text with its source myth or historical account. Teach credibility as a two-part judgment: credible AND relevant to the question.
A31: I-LNG | B31: Interpreting — Language (Grammar & Vocabulary) | C31: 6 | D31: Context clues beyond the sentence; Greek and Latin roots; part of speech as a meaning clue; connotation; reading syntax | E31: Daily morphology routine plus 'read the next sentence' modeling for multiple-meaning words. Standards 7.L.V.2, 7.L.V.3, 7.L.GC.2.a.
A32: C-CSS | B32: Constructing — Context, Structure & Style | C32: 8 | D32: Introductions that establish a claim; cohesive structure; transitions that name relationships; style for a target audience; conclusions that finalize | E32: Peer Revision Task routine, Trait 1 guided questions. Start with claim-writing and conclusion-writing; transitions after.
A33: C-TEC | B33: Constructing — Techniques | C33: 10 | D33: Reasons that support the claim; evidence from MULTIPLE sources; elaboration in the student's own words; counterclaims; crediting sources | E33: Explicit evidence-to-elaboration instruction. Sentence stems: 'This matters because…' Reuse test items 27 and 28 as warm-ups.
A34: C-LNG | B34: Constructing — Language (Grammar & Vocabulary) | C34: 8 | D34: Sentence variety; consistent verb tense; active voice; misplaced and dangling modifiers; punctuation; precise word choice | E34: Sentence combining plus targeted GUM work on rows marked M at Grades 6-7. Standards 7.L.GC.2.b-d, 7.L.GC.1.
B35: TOTAL | C35: =SUM(C28:C34)
A37: Achievement level descriptors (Georgia Department of Education)
A38: Beginning Learner | D38: Does not yet demonstrate proficiency in the knowledge and skills necessary at this grade level. Needs substantial academic support to be prepared for the next grade level.
A39: Developing Learner | D39: Demonstrates partial proficiency. Needs additional academic support to ensure success in the next grade level.
A40: Proficient Learner | D40: Demonstrates proficiency. Prepared for the next grade level and on track for post-secondary readiness.
A41: Distinguished Learner | D41: Demonstrates advanced proficiency. Well prepared for the next grade level and for post-secondary readiness.

Sheet Roster
A1: Roster
A2: Every yellow cell is an input. Row 6 is an example — overwrite it with your first student. Student order here fixes the row order on every other sheet.
A3: ="Students on roster: "&COUNTA(C6:C155)
A5: Student ID | B5: Last Name | C5: First Name | D5: Class Period | E5: Form Order | F5: Accommodations | G5: EL | H5: SWD | I5: Gifted
A6: 7001 | B6: Example | C6: Student | D6: 1st | E6: A then B | F6: None | G6: N | H6: N | I6: N

Sheet Pre-Test Entry
A1: Pre-Test Entry — FORM A
A2: Enter POINTS EARNED for each item. Enter 0 for a wrong answer — a blank means 'not tested' and removes the student from the statistics. Row 3 shows the reporting category; row 4 shows the maximum points for the item.
A3: Category → | C3: I-TEC | D3: I-TEC | E3: I-LNG | F3: I-CSS | G3: I-TEC | H3: I-TEC | I3: I-TEC | J3: I-TEC | K3: I-PRA | L3: I-PRA | M3: I-CSS | N3: I-TEC | O3: I-TEC | P3: I-LNG | Q3: I-LNG | R3: I-CSS | S3: I-TEC | T3: I-TEC | U3: I-LNG | V3: I-CSS | W3: I-LNG | X3: I-TEC | Y3: I-PRA | Z3: I-PRA | AA3: C-CSS | AB3: C-TEC | AC3: C-TEC | AD3: C-TEC | AE3: C-TEC | AF3: C-CSS | AG3: C-CSS | AH3: C-LNG | AI3: C-LNG | AJ3: C-LNG | AK3: C-LNG | AL3: C-LNG | AM3: C-TEC | AN3: C-CSS | AO3: C-CSS | AP3: C-TEC | AQ3: C-LNG
A4: Max points → | C4: 1 | D4: 2 | E4: 1 | F4: 1 | G4: 1 | H4: 1 | I4: 2 | J4: 2 | K4: 1 | L4: 2 | M4: 1 | N4: 1 | O4: 1 | P4: 1 | Q4: 1 | R4: 2 | S4: 1 | T4: 2 | U4: 1 | V4: 2 | W4: 2 | X4: 2 | Y4: 1 | Z4: 2 | AA4: 1 | AB4: 1 | AC4: 2 | AD4: 2 | AE4: 1 | AF4: 2 | AG4: 1 | AH4: 1 | AI4: 2 | AJ4: 1 | AK4: 1 | AL4: 1 | AM4: 1 | AN4: 1 | AO4: 3 | AP4: 3 | AQ4: 2 | AS4: =SUM(C4:AQ4)
A5: Student ID | B5: Student Name | C5: Q1 | D5: Q2 | E5: Q3 | F5: Q4 | G5: Q5 | H5: Q6 | I5: Q7 | J5: Q8 | K5: Q9 | L5: Q10 | M5: Q11 | N5: Q12 | O5: Q13 | P5: Q14 | Q5: Q15 | R5: Q16 | S5: Q17 | T5: Q18 | U5: Q19 | V5: Q20 | W5: Q21 | X5: Q22 | Y5: Q23 | Z5: Q24 | AA5: Q25 | AB5: Q26 | AC5: Q27 | AD5: Q28 | AE5: Q29 | AF5: Q30 | AG5: Q31 | AH5: Q32 | AI5: Q33 | AJ5: Q34 | AK5: Q35 | AL5: Q36 | AM5: Q37 | AN5: Q38 | AO5: Q39_T1 | AP5: Q39_T2 | AQ5: Q39_T3 | AR5: Essay Cond Code | AS5: TOTAL
A6: =IF(Roster!$A6="","",Roster!$A6) | B6: =IF(Roster!$B6="","",Roster!$C6&" "&Roster!$B6) | AS6: =IF(COUNT(C6:AQ6)=0,"",SUM(C6:AQ6))
A7: =IF(Roster!$A7="","",Roster!$A7) | B7: =IF(Roster!$B7="","",Roster!$C7&" "&Roster!$B7) | AS7: =IF(COUNT(C7:AQ7)=0,"",SUM(C7:AQ7))
A8: =IF(Roster!$A8="","",Roster!$A8) | B8: =IF(Roster!$B8="","",Roster!$C8&" "&Roster!$B8) | AS8: =IF(COUNT(C8:AQ8)=0,"",SUM(C8:AQ8))
A9: =IF(Roster!$A9="","",Roster!$A9) | B9: =IF(Roster!$B9="","",Roster!$C9&" "&Roster!$B9) | AS9: =IF(COUNT(C9:AQ9)=0,"",SUM(C9:AQ9))
A10: =IF(Roster!$A10="","",Roster!$A10) | B10: =IF(Roster!$B10="","",Roster!$C10&" "&Roster!$B10) | AS10: =IF(COUNT(C10:AQ10)=0,"",SUM(C10:AQ10))
A11: =IF(Roster!$A11="","",Roster!$A11) | B11: =IF(Roster!$B11="","",Roster!$C11&" "&Roster!$B11) | AS11: =IF(COUNT(C11:AQ11)=0,"",SUM(C11:AQ11))
A12: =IF(Roster!$A12="","",Roster!$A12) | B12: =IF(Roster!$B12="","",Roster!$C12&" "&Roster!$B12) | AS12: =IF(COUNT(C12:AQ12)=0,"",SUM(C12:AQ12))
A13: =IF(Roster!$A13="","",Roster!$A13) | B13: =IF(Roster!$B13="","",Roster!$C13&" "&Roster!$B13) | AS13: =IF(COUNT(C13:AQ13)=0,"",SUM(C13:AQ13))
A14: =IF(Roster!$A14="","",Roster!$A14) | B14: =IF(Roster!$B14="","",Roster!$C14&" "&Roster!$B14) | AS14: =IF(COUNT(C14:AQ14)=0,"",SUM(C14:AQ14))
A15: =IF(Roster!$A15="","",Roster!$A15) | B15: =IF(Roster!$B15="","",Roster!$C15&" "&Roster!$B15) | AS15: =IF(COUNT(C15:AQ15)=0,"",SUM(C15:AQ15))
A16: =IF(Roster!$A16="","",Roster!$A16) | B16: =IF(Roster!$B16="","",Roster!$C16&" "&Roster!$B16) | AS16: =IF(COUNT(C16:AQ16)=0,"",SUM(C16:AQ16))
A17: =IF(Roster!$A17="","",Roster!$A17) | B17: =IF(Roster!$B17="","",Roster!$C17&" "&Roster!$B17) | AS17: =IF(COUNT(C17:AQ17)=0,"",SUM(C17:AQ17))
... A155: =IF(Roster!$A155="","",Roster!$A155) | B155: =IF(Roster!$B155="","",Roster!$C155&" "&Roster!$B155) | AS155: =IF(COUNT(C155:AQ155)=0,"",SUM(C155:AQ155))

Sheet Post-Test Entry
A1: Post-Test Entry — FORM B
A2: Enter POINTS EARNED for each item. Enter 0 for a wrong answer — a blank means 'not tested' and removes the student from the statistics. Row 3 shows the reporting category; row 4 shows the maximum points for the item.
A3: Category → | C3: I-TEC | D3: I-TEC | E3: I-LNG | F3: I-CSS | G3: I-TEC | H3: I-TEC | I3: I-TEC | J3: I-TEC | K3: I-PRA | L3: I-PRA | M3: I-CSS | N3: I-TEC | O3: I-TEC | P3: I-LNG | Q3: I-LNG | R3: I-CSS | S3: I-TEC | T3: I-TEC | U3: I-LNG | V3: I-CSS | W3: I-LNG | X3: I-TEC | Y3: I-PRA | Z3: I-PRA | AA3: C-CSS | AB3: C-TEC | AC3: C-TEC | AD3: C-TEC | AE3: C-TEC | AF3: C-CSS | AG3: C-CSS | AH3: C-LNG | AI3: C-LNG | AJ3: C-LNG | AK3: C-LNG | AL3: C-LNG | AM3: C-TEC | AN3: C-CSS | AO3: C-CSS | AP3: C-TEC | AQ3: C-LNG
A4: Max points → | C4: 1 | D4: 2 | E4: 1 | F4: 1 | G4: 1 | H4: 1 | I4: 2 | J4: 2 | K4: 1 | L4: 2 | M4: 1 | N4: 1 | O4: 1 | P4: 1 | Q4: 1 | R4: 2 | S4: 1 | T4: 2 | U4: 1 | V4: 2 | W4: 2 | X4: 2 | Y4: 1 | Z4: 2 | AA4: 1 | AB4: 1 | AC4: 2 | AD4: 2 | AE4: 1 | AF4: 2 | AG4: 1 | AH4: 1 | AI4: 2 | AJ4: 1 | AK4: 1 | AL4: 1 | AM4: 1 | AN4: 1 | AO4: 3 | AP4: 3 | AQ4: 2 | AS4: =SUM(C4:AQ4)
A5: Student ID | B5: Student Name | C5: Q1 | D5: Q2 | E5: Q3 | F5: Q4 | G5: Q5 | H5: Q6 | I5: Q7 | J5: Q8 | K5: Q9 | L5: Q10 | M5: Q11 | N5: Q12 | O5: Q13 | P5: Q14 | Q5: Q15 | R5: Q16 | S5: Q17 | T5: Q18 | U5: Q19 | V5: Q20 | W5: Q21 | X5: Q22 | Y5: Q23 | Z5: Q24 | AA5: Q25 | AB5: Q26 | AC5: Q27 | AD5: Q28 | AE5: Q29 | AF5: Q30 | AG5: Q31 | AH5: Q32 | AI5: Q33 | AJ5: Q34 | AK5: Q35 | AL5: Q36 | AM5: Q37 | AN5: Q38 | AO5: Q39_T1 | AP5: Q39_T2 | AQ5: Q39_T3 | AR5: Essay Cond Code | AS5: TOTAL
A6: =IF(Roster!$A6="","",Roster!$A6) | B6: =IF(Roster!$B6="","",Roster!$C6&" "&Roster!$B6) | AS6: =IF(COUNT(C6:AQ6)=0,"",SUM(C6:AQ6))
A7: =IF(Roster!$A7="","",Roster!$A7) | B7: =IF(Roster!$B7="","",Roster!$C7&" "&Roster!$B7) | AS7: =IF(COUNT(C7:AQ7)=0,"",SUM(C7:AQ7))
A8: =IF(Roster!$A8="","",Roster!$A8) | B8: =IF(Roster!$B8="","",Roster!$C8&" "&Roster!$B8) | AS8: =IF(COUNT(C8:AQ8)=0,"",SUM(C8:AQ8))
A9: =IF(Roster!$A9="","",Roster!$A9) | B9: =IF(Roster!$B9="","",Roster!$C9&" "&Roster!$B9) | AS9: =IF(COUNT(C9:AQ9)=0,"",SUM(C9:AQ9))
A10: =IF(Roster!$A10="","",Roster!$A10) | B10: =IF(Roster!$B10="","",Roster!$C10&" "&Roster!$B10) | AS10: =IF(COUNT(C10:AQ10)=0,"",SUM(C10:AQ10))
A11: =IF(Roster!$A11="","",Roster!$A11) | B11: =IF(Roster!$B11="","",Roster!$C11&" "&Roster!$B11) | AS11: =IF(COUNT(C11:AQ11)=0,"",SUM(C11:AQ11))
A12: =IF(Roster!$A12="","",Roster!$A12) | B12: =IF(Roster!$B12="","",Roster!$C12&" "&Roster!$B12) | AS12: =IF(COUNT(C12:AQ12)=0,"",SUM(C12:AQ12))
A13: =IF(Roster!$A13="","",Roster!$A13) | B13: =IF(Roster!$B13="","",Roster!$C13&" "&Roster!$B13) | AS13: =IF(COUNT(C13:AQ13)=0,"",SUM(C13:AQ13))
A14: =IF(Roster!$A14="","",Roster!$A14) | B14: =IF(Roster!$B14="","",Roster!$C14&" "&Roster!$B14) | AS14: =IF(COUNT(C14:AQ14)=0,"",SUM(C14:AQ14))
A15: =IF(Roster!$A15="","",Roster!$A15) | B15: =IF(Roster!$B15="","",Roster!$C15&" "&Roster!$B15) | AS15: =IF(COUNT(C15:AQ15)=0,"",SUM(C15:AQ15))
A16: =IF(Roster!$A16="","",Roster!$A16) | B16: =IF(Roster!$B16="","",Roster!$C16&" "&Roster!$B16) | AS16: =IF(COUNT(C16:AQ16)=0,"",SUM(C16:AQ16))
A17: =IF(Roster!$A17="","",Roster!$A17) | B17: =IF(Roster!$B17="","",Roster!$C17&" "&Roster!$B17) | AS17: =IF(COUNT(C17:AQ17)=0,"",SUM(C17:AQ17))
... A155: =IF(Roster!$A155="","",Roster!$A155) | B155: =IF(Roster!$B155="","",Roster!$C155&" "&Roster!$B155) | AS155: =IF(COUNT(C155:AQ155)=0,"",SUM(C155:AQ155))

Sheet Student Report
A1: Student Report — individual profiles, growth, and recommended focus
A2: Every cell on this sheet is computed. A blank row means no scores have been entered for that student yet. 'NEAR CUT' means the student's score is within one standard error of a level boundary — for those students, trust the category profile and your own classroom evidence, not the level label.
D3: PRE-TEST (Form A) | G3: POST-TEST (Form B) | J3: GROWTH | O3: CATEGORY % — PRE | V3: CATEGORY % — POST | AC3: CATEGORY CHANGE (percentage points) | AJ3: ACTION
O4: I-CSS | P4: I-TEC | Q4: I-PRA | R4: I-LNG | S4: C-CSS | T4: C-TEC | U4: C-LNG | V4: I-CSS | W4: I-TEC | X4: I-PRA | Y4: I-LNG | Z4: C-CSS | AA4: C-TEC | AB4: C-LNG | AC4: I-CSS | AD4: I-TEC | AE4: I-PRA | AF4: I-LNG | AG4: C-CSS | AH4: C-TEC | AI4: C-LNG
A5: Student ID | B5: Student Name | C5: Period | D5: Total | E5: % | F5: Level | G5: Total | H5: % | I5: Level | J5: Raw gain | K5: % of possible gain | L5: RCI | M5: Reliable change? | N5: Met target? | O5: I-CSS | P5: I-TEC | Q5: I-PRA | R5: I-LNG | S5: C-CSS | T5: C-TEC | U5: C-LNG | V5: I-CSS | W5: I-TEC | X5: I-PRA | Y5: I-LNG | Z5: C-CSS | AA5: C-TEC | AB5: C-LNG | AC5: I-CSS | AD5: I-TEC | AE5: I-PRA | AF5: I-LNG | AG5: C-CSS | AH5: C-TEC | AI5: C-LNG | AJ5: Weakest category | AK5: 2nd weakest | AL5: Near cut? | AM5: Essay flag | AN5: Recommended focus | AP5: helper: pre^2 | AQ5: helper: post^2
A6: =IF(Roster!$A6="","",Roster!$A6) | B6: =IF(Roster!$B6<>"",Roster!$C6&" "&Roster!$B6,"") | C6: =IF(Roster!$B6<>"",Roster!$D6,"") | D6: =IF(AND(Roster!$B6<>"",COUNT('Pre-Test Entry'!$C6:$AQ6)>0),'Pre-Test Entry'!$AS6,"") | E6: =IFERROR(D6/Settings!$B$8,"") | F6: =IF(D6="","",IF(D6>=Settings!$B$7,"Distinguished Learner",IF(D6>=Settings!$B$6,"Proficient Learner",IF(D6>=Settings!$B$5,"Developing Learner","Beginning Learner")))) | G6: =IF(AND(Roster!$B6<>"",COUNT('Post-Test Entry'!$C6:$AQ6)>0),'Post-Test Entry'!$AS6,"") | H6: =IFERROR(G6/Settings!$B$8,"") | I6: =IF(G6="","",IF(G6>=Settings!$B$7,"Distinguished Learner",IF(G6>=Settings!$B$6,"Proficient Learner",IF(G6>=Settings!$B$5,"Developing Learner","Beginning Learner")))) | J6: =IF(OR(D6="",G6=""),"",G6-D6) | K6: =IFERROR(IF(OR(J6="",J6<=0),"",(G6-D6)/(Settings!$B$8-D6)),"") | L6: =IFERROR(IF(J6="","",(G6-D6)/(Settings!$B$17*SQRT(2))),"") | M6: =IF(L6="","",IF(ABS(L6)>=1.96,"Yes","No")) | N6: =IF(J6="","",IF(J6>=Settings!$B$15,"Yes","No")) | O6: =IFERROR(IF($D6="","",SUMIF('Pre-Test Entry'!$C$3:$AQ$3,Settings!$A$28,'Pre-Test Entry'!$C6:$AQ6)/Settings!$C$28),"") | P6: =IFERROR(IF($D6="","",SUMIF('Pre-Test Entry'!$C$3:$AQ$3,Settings!$A$29,'Pre-Test Entry'!$C6:$AQ6)/Settings!$C$29),"") | Q6: =IFERROR(IF($D6="","",SUMIF('Pre-Test Entry'!$C$3:$AQ$3,Settings!$A$30,'Pre-Test Entry'!$C6:$AQ6)/Settings!$C$30),"") | R6: =IFERROR(IF($D6="","",SUMIF('Pre-Test Entry'!$C$3:$AQ$3,Settings!$A$31,'Pre-Test Entry'!$C6:$AQ6)/Settings!$C$31),"") | S6: =IFERROR(IF($D6="","",SUMIF('Pre-Test Entry'!$C$3:$AQ$3,Settings!$A$32,'Pre-Test Entry'!$C6:$AQ6)/Settings!$C$32),"") | T6: =IFERROR(IF($D6="","",SUMIF('Pre-Test Entry'!$C$3:$AQ$3,Settings!$A$33,'Pre-Test Entry'!$C6:$AQ6)/Settings!$C$33),"") | U6: =IFERROR(IF($D6="","",SUMIF('Pre-Test Entry'!$C$3:$AQ$3,Settings!$A$34,'Pre-Test Entry'!$C6:$AQ6)/Settings!$C$34),"") | V6: =IFERROR(IF($G6="","",SUMIF('Post-Test Entry'!$C$3:$AQ$3,Settings!$A$28,'Post-Test Entry'!$C6:$AQ6)/Settings!$C$28),"") | W6: =IFERROR(IF($G6="","",SUMIF('Post-Test Entry'!$C$3:$AQ$3,Settings!$A$29,'Post-Test Entry'!$C6:$AQ6)/Settings!$C$29),"") | X6: =IFERROR(IF($G6="","",SUMIF('Post-Test Entry'!$C$3:$AQ$3,Settings!$A$30,'Post-Test Entry'!$C6:$AQ6)/Settings!$C$30),"") | Y6: =IFERROR(IF($G6="","",SUMIF('Post-Test Entry'!$C$3:$AQ$3,Settings!$A$31,'Post-Test Entry'!$C6:$AQ6)/Settings!$C$31),"") | Z6: =IFERROR(IF($G6="","",SUMIF('Post-Test Entry'!$C$3:$AQ$3,Settings!$A$32,'Post-Test Entry'!$C6:$AQ6)/Settings!$C$32),"") | AA6: =IFERROR(IF($G6="","",SUMIF('Post-Test Entry'!$C$3:$AQ$3,Settings!$A$33,'Post-Test Entry'!$C6:$AQ6)/Settings!$C$33),"") | AB6: =IFERROR(IF($G6="","",SUMIF('Post-Test Entry'!$C$3:$AQ$3,Settings!$A$34,'Post-Test Entry'!$C6:$AQ6)/Settings!$C$34),"") | AC6: =IF(OR(O6="",V6=""),"",V6-O6) | AD6: =IF(OR(P6="",W6=""),"",W6-P6) | AE6: =IF(OR(Q6="",X6=""),"",X6-Q6) | AF6: =IF(OR(R6="",Y6=""),"",Y6-R6) | AG6: =IF(OR(S6="",Z6=""),"",Z6-S6) | AH6: =IF(OR(T6="",AA6=""),"",AA6-T6) | AI6: =IF(OR(U6="",AB6=""),"",AB6-U6) | AJ6: =IFERROR(IF($G6<>"",INDEX($V$4:$AB$4,MATCH(MIN($V6:$AB6),$V6:$AB6,0)),IF($D6<>"",INDEX($O$4:$U$4,MATCH(MIN($O6:$U6),$O6:$U6,0)),"")),"") | AK6: =IFERROR(IF($G6<>"",INDEX($V$4:$AB$4,MATCH(SMALL($V6:$AB6,2),$V6:$AB6,0)),IF($D6<>"",INDEX($O$4:$U$4,MATCH(SMALL($O6:$U6,2),$O6:$U6,0)),"")),"") | AL6: =IF(OR(G6="",Settings!$B$17=""),"",IF(OR(ABS(G6-Settings!$B$5)<=Settings!$B$17,ABS(G6-Settings!$B$6)<=Settings!$B$17,ABS(G6-Settings!$B$7)<=Settings!$B$17),"NEAR CUT","")) | AM6: =IF('Post-Test Entry'!$AR6<>"","Post essay: code "&'Post-Test Entry'!$AR6,IF('Pre-Test Entry'!$AR6<>"","Pre essay: code "&'Pre-Test Entry'!$AR6,"")) | AN6: =IFERROR(IF($AJ6="","",INDEX(Settings!$D$28:$D$34,MATCH($AJ6,Settings!$A$28:$A$34,0))),"") | AP6: =IF(D6="","",D6^2) | AQ6: =IF(G6="","",G6^2)
A7: =IF(Roster!$A7="","",Roster!$A7) | B7: =IF(Roster!$B7<>"",Roster!$C7&" "&Roster!$B7,"") | C7: =IF(Roster!$B7<>"",Roster!$D7,"") | D7: =IF(AND(Roster!$B7<>"",COUNT('Pre-Test Entry'!$C7:$AQ7)>0),'Pre-Test Entry'!$AS7,"") | E7: =IFERROR(D7/Settings!$B$8,"") | F7: =IF(D7="","",IF(D7>=Settings!$B$7,"Distinguished Learner",IF(D7>=Settings!$B$6,"Proficient Learner",IF(D7>=Settings!$B$5,"Developing Learner","Beginning Learner")))) | G7: =IF(AND(Roster!$B7<>"",COUNT('Post-Test Entry'!$C7:$AQ7)>0),'Post-Test Entry'!$AS7,"") | H7: =IFERROR(G7/Settings!$B$8,"") | I7: =IF(G7="","",IF(G7>=Settings!$B$7,"Distinguished Learner",IF(G7>=Settings!$B$6,"Proficient Learner",IF(G7>=Settings!$B$5,"Developing Learner","Beginning Learner")))) | J7: =IF(OR(D7="",G7=""),"",G7-D7) | K7: =IFERROR(IF(OR(J7="",J7<=0),"",(G7-D7)/(Settings!$B$8-D7)),"") | L7: =IFERROR(IF(J7="","",(G7-D7)/(Settings!$B$17*SQRT(2))),"") | M7: =IF(L7="","",IF(ABS(L7)>=1.96,"Yes","No")) | N7: =IF(J7="","",IF(J7>=Settings!$B$15,"Yes","No")) | O7: =IFERROR(IF($D7="","",SUMIF('Pre-Test Entry'!$C$3:$AQ$3,Settings!$A$28,'Pre-Test Entry'!$C7:$AQ7)/Settings!$C$28),"") | P7: =IFERROR(IF($D7="","",SUMIF('Pre-Test Entry'!$C$3:$AQ$3,Settings!$A$29,'Pre-Test Entry'!$C7:$AQ7)/Settings!$C$29),"") | Q7: =IFERROR(IF($D7="","",SUMIF('Pre-Test Entry'!$C$3:$AQ$3,Settings!$A$30,'Pre-Test Entry'!$C7:$AQ7)/Settings!$C$30),"") | R7: =IFERROR(IF($D7="","",SUMIF('Pre-Test Entry'!$C$3:$AQ$3,Settings!$A$31,'Pre-Test Entry'!$C7:$AQ7)/Settings!$C$31),"") | S7: =IFERROR(IF($D7="","",SUMIF('Pre-Test Entry'!$C$3:$AQ$3,Settings!$A$32,'Pre-Test Entry'!$C7:$AQ7)/Settings!$C$32),"") | T7: =IFERROR(IF($D7="","",SUMIF('Pre-Test Entry'!$C$3:$AQ$3,Settings!$A$33,'Pre-Test Entry'!$C7:$AQ7)/Settings!$C$33),"") | U7: =IFERROR(IF($D7="","",SUMIF('Pre-Test Entry'!$C$3:$AQ$3,Settings!$A$34,'Pre-Test Entry'!$C7:$AQ7)/Settings!$C$34),"") | V7: =IFERROR(IF($G7="","",SUMIF('Post-Test Entry'!$C$3:$AQ$3,Settings!$A$28,'Post-Test Entry'!$C7:$AQ7)/Settings!$C$28),"") | W7: =IFERROR(IF($G7="","",SUMIF('Post-Test Entry'!$C$3:$AQ$3,Settings!$A$29,'Post-Test Entry'!$C7:$AQ7)/Settings!$C$29),"") | X7: =IFERROR(IF($G7="","",SUMIF('Post-Test Entry'!$C$3:$AQ$3,Settings!$A$30,'Post-Test Entry'!$C7:$AQ7)/Settings!$C$30),"") | Y7: =IFERROR(IF($G7="","",SUMIF('Post-Test Entry'!$C$3:$AQ$3,Settings!$A$31,'Post-Test Entry'!$C7:$AQ7)/Settings!$C$31),"") | Z7: =IFERROR(IF($G7="","",SUMIF('Post-Test Entry'!$C$3:$AQ$3,Settings!$A$32,'Post-Test Entry'!$C7:$AQ7)/Settings!$C$32),"") | AA7: =IFERROR(IF($G7="","",SUMIF('Post-Test Entry'!$C$3:$AQ$3,Settings!$A$33,'Post-Test Entry'!$C7:$AQ7)/Settings!$C$33),"") | AB7: =IFERROR(IF($G7="","",SUMIF('Post-Test Entry'!$C$3:$AQ$3,Settings!$A$34,'Post-Test Entry'!$C7:$AQ7)/Settings!$C$34),"") | AC7: =IF(OR(O7="",V7=""),"",V7-O7) | AD7: =IF(OR(P7="",W7=""),"",W7-P7) | AE7: =IF(OR(Q7="",X7=""),"",X7-Q7) | AF7: =IF(OR(R7="",Y7=""),"",Y7-R7) | AG7: =IF(OR(S7="",Z7=""),"",Z7-S7) | AH7: =IF(OR(T7="",AA7=""),"",AA7-T7) | AI7: =IF(OR(U7="",AB7=""),"",AB7-U7) | AJ7: =IFERROR(IF($G7<>"",INDEX($V$4:$AB$4,MATCH(MIN($V7:$AB7),$V7:$AB7,0)),IF($D7<>"",INDEX($O$4:$U$4,MATCH(MIN($O7:$U7),$O7:$U7,0)),"")),"") | AK7: =IFERROR(IF($G7<>"",INDEX($V$4:$AB$4,MATCH(SMALL($V7:$AB7,2),$V7:$AB7,0)),IF($D7<>"",INDEX($O$4:$U$4,MATCH(SMALL($O7:$U7,2),$O7:$U7,0)),"")),"") | AL7: =IF(OR(G7="",Settings!$B$17=""),"",IF(OR(ABS(G7-Settings!$B$5)<=Settings!$B$17,ABS(G7-Settings!$B$6)<=Settings!$B$17,ABS(G7-Settings!$B$7)<=Settings!$B$17),"NEAR CUT","")) | AM7: =IF('Post-Test Entry'!$AR7<>"","Post essay: code "&'Post-Test Entry'!$AR7,IF('Pre-Test Entry'!$AR7<>"","Pre essay: code "&'Pre-Test Entry'!$AR7,"")) | AN7: =IFERROR(IF($AJ7="","",INDEX(Settings!$D$28:$D$34,MATCH($AJ7,Settings!$A$28:$A$34,0))),"") | AP7: =IF(D7="","",D7^2) | AQ7: =IF(G7="","",G7^2)
A8: =IF(Roster!$A8="","",Roster!$A8) | B8: =IF(Roster!$B8<>"",Roster!$C8&" "&Roster!$B8,"") | C8: =IF(Roster!$B8<>"",Roster!$D8,"") | D8: =IF(AND(Roster!$B8<>"",COUNT('Pre-Test Entry'!$C8:$AQ8)>0),'Pre-Test Entry'!$AS8,"") | E8: =IFERROR(D8/Settings!$B$8,"") | F8: =IF(D8="","",IF(D8>=Settings!$B$7,"Distinguished Learner",IF(D8>=Settings!$B$6,"Proficient Learner",IF(D8>=Settings!$B$5,"Developing Learner","Beginning Learner")))) | G8: =IF(AND(Roster!$B8<>"",COUNT('Post-Test Entry'!$C8:$AQ8)>0),'Post-Test Entry'!$AS8,"") | H8: =IFERROR(G8/Settings!$B$8,"") | I8: =IF(G8="","",IF(G8>=Settings!$B$7,"Distinguished Learner",IF(G8>=Settings!$B$6,"Proficient Learner",IF(G8>=Settings!$B$5,"Developing Learner","Beginning Learner")))) | J8: =IF(OR(D8="",G8=""),"",G8-D8) | K8: =IFERROR(IF(OR(J8="",J8<=0),"",(G8-D8)/(Settings!$B$8-D8)),"") | L8: =IFERROR(IF(J8="","",(G8-D8)/(Settings!$B$17*SQRT(2))),"") | M8: =IF(L8="","",IF(ABS(L8)>=1.96,"Yes","No")) | N8: =IF(J8="","",IF(J8>=Settings!$B$15,"Yes","No")) | O8: =IFERROR(IF($D8="","",SUMIF('Pre-Test Entry'!$C$3:$AQ$3,Settings!$A$28,'Pre-Test Entry'!$C8:$AQ8)/Settings!$C$28),"") | P8: =IFERROR(IF($D8="","",SUMIF('Pre-Test Entry'!$C$3:$AQ$3,Settings!$A$29,'Pre-Test Entry'!$C8:$AQ8)/Settings!$C$29),"") | Q8: =IFERROR(IF($D8="","",SUMIF('Pre-Test Entry'!$C$3:$AQ$3,Settings!$A$30,'Pre-Test Entry'!$C8:$AQ8)/Settings!$C$30),"") | R8: =IFERROR(IF($D8="","",SUMIF('Pre-Test Entry'!$C$3:$AQ$3,Settings!$A$31,'Pre-Test Entry'!$C8:$AQ8)/Settings!$C$31),"") | S8: =IFERROR(IF($D8="","",SUMIF('Pre-Test Entry'!$C$3:$AQ$3,Settings!$A$32,'Pre-Test Entry'!$C8:$AQ8)/Settings!$C$32),"") | T8: =IFERROR(IF($D8="","",SUMIF('Pre-Test Entry'!$C$3:$AQ$3,Settings!$A$33,'Pre-Test Entry'!$C8:$AQ8)/Settings!$C$33),"") | U8: =IFERROR(IF($D8="","",SUMIF('Pre-Test Entry'!$C$3:$AQ$3,Settings!$A$34,'Pre-Test Entry'!$C8:$AQ8)/Settings!$C$34),"") | V8: =IFERROR(IF($G8="","",SUMIF('Post-Test Entry'!$C$3:$AQ$3,Settings!$A$28,'Post-Test Entry'!$C8:$AQ8)/Settings!$C$28),"") | W8: =IFERROR(IF($G8="","",SUMIF('Post-Test Entry'!$C$3:$AQ$3,Settings!$A$29,'Post-Test Entry'!$C8:$AQ8)/Settings!$C$29),"") | X8: =IFERROR(IF($G8="","",SUMIF('Post-Test Entry'!$C$3:$AQ$3,Settings!$A$30,'Post-Test Entry'!$C8:$AQ8)/Settings!$C$30),"") | Y8: =IFERROR(IF($G8="","",SUMIF('Post-Test Entry'!$C$3:$AQ$3,Settings!$A$31,'Post-Test Entry'!$C8:$AQ8)/Settings!$C$31),"") | Z8: =IFERROR(IF($G8="","",SUMIF('Post-Test Entry'!$C$3:$AQ$3,Settings!$A$32,'Post-Test Entry'!$C8:$AQ8)/Settings!$C$32),"") | AA8: =IFERROR(IF($G8="","",SUMIF('Post-Test Entry'!$C$3:$AQ$3,Settings!$A$33,'Post-Test Entry'!$C8:$AQ8)/Settings!$C$33),"") | AB8: =IFERROR(IF($G8="","",SUMIF('Post-Test Entry'!$C$3:$AQ$3,Settings!$A$34,'Post-Test Entry'!$C8:$AQ8)/Settings!$C$34),"") | AC8: =IF(OR(O8="",V8=""),"",V8-O8) | AD8: =IF(OR(P8="",W8=""),"",W8-P8) | AE8: =IF(OR(Q8="",X8=""),"",X8-Q8) | AF8: =IF(OR(R8="",Y8=""),"",Y8-R8) | AG8: =IF(OR(S8="",Z8=""),"",Z8-S8) | AH8: =IF(OR(T8="",AA8=""),"",AA8-T8) | AI8: =IF(OR(U8="",AB8=""),"",AB8-U8) | AJ8: =IFERROR(IF($G8<>"",INDEX($V$4:$AB$4,MATCH(MIN($V8:$AB8),$V8:$AB8,0)),IF($D8<>"",INDEX($O$4:$U$4,MATCH(MIN($O8:$U8),$O8:$U8,0)),"")),"") | AK8: =IFERROR(IF($G8<>"",INDEX($V$4:$AB$4,MATCH(SMALL($V8:$AB8,2),$V8:$AB8,0)),IF($D8<>"",INDEX($O$4:$U$4,MATCH(SMALL($O8:$U8,2),$O8:$U8,0)),"")),"") | AL8: =IF(OR(G8="",Settings!$B$17=""),"",IF(OR(ABS(G8-Settings!$B$5)<=Settings!$B$17,ABS(G8-Settings!$B$6)<=Settings!$B$17,ABS(G8-Settings!$B$7)<=Settings!$B$17),"NEAR CUT","")) | AM8: =IF('Post-Test Entry'!$AR8<>"","Post essay: code "&'Post-Test Entry'!$AR8,IF('Pre-Test Entry'!$AR8<>"","Pre essay: code "&'Pre-Test Entry'!$AR8,"")) | AN8: =IFERROR(IF($AJ8="","",INDEX(Settings!$D$28:$D$34,MATCH($AJ8,Settings!$A$28:$A$34,0))),"") | AP8: =IF(D8="","",D8^2) | AQ8: =IF(G8="","",G8^2)
A9: =IF(Roster!$A9="","",Roster!$A9) | B9: =IF(Roster!$B9<>"",Roster!$C9&" "&Roster!$B9,"") | C9: =IF(Roster!$B9<>"",Roster!$D9,"") | D9: =IF(AND(Roster!$B9<>"",COUNT('Pre-Test Entry'!$C9:$AQ9)>0),'Pre-Test Entry'!$AS9,"") | E9: =IFERROR(D9/Settings!$B$8,"") | F9: =IF(D9="","",IF(D9>=Settings!$B$7,"Distinguished Learner",IF(D9>=Settings!$B$6,"Proficient Learner",IF(D9>=Settings!$B$5,"Developing Learner","Beginning Learner")))) | G9: =IF(AND(Roster!$B9<>"",COUNT('Post-Test Entry'!$C9:$AQ9)>0),'Post-Test Entry'!$AS9,"") | H9: =IFERROR(G9/Settings!$B$8,"") | I9: =IF(G9="","",IF(G9>=Settings!$B$7,"Distinguished Learner",IF(G9>=Settings!$B$6,"Proficient Learner",IF(G9>=Settings!$B$5,"Developing Learner","Beginning Learner")))) | J9: =IF(OR(D9="",G9=""),"",G9-D9) | K9: =IFERROR(IF(OR(J9="",J9<=0),"",(G9-D9)/(Settings!$B$8-D9)),"") | L9: =IFERROR(IF(J9="","",(G9-D9)/(Settings!$B$17*SQRT(2))),"") | M9: =IF(L9="","",IF(ABS(L9)>=1.96,"Yes","No")) | N9: =IF(J9="","",IF(J9>=Settings!$B$15,"Yes","No")) | O9: =IFERROR(IF($D9="","",SUMIF('Pre-Test Entry'!$C$3:$AQ$3,Settings!$A$28,'Pre-Test Entry'!$C9:$AQ9)/Settings!$C$28),"") | P9: =IFERROR(IF($D9="","",SUMIF('Pre-Test Entry'!$C$3:$AQ$3,Settings!$A$29,'Pre-Test Entry'!$C9:$AQ9)/Settings!$C$29),"") | Q9: =IFERROR(IF($D9="","",SUMIF('Pre-Test Entry'!$C$3:$AQ$3,Settings!$A$30,'Pre-Test Entry'!$C9:$AQ9)/Settings!$C$30),"") | R9: =IFERROR(IF($D9="","",SUMIF('Pre-Test Entry'!$C$3:$AQ$3,Settings!$A$31,'Pre-Test Entry'!$C9:$AQ9)/Settings!$C$31),"") | S9: =IFERROR(IF($D9="","",SUMIF('Pre-Test Entry'!$C$3:$AQ$3,Settings!$A$32,'Pre-Test Entry'!$C9:$AQ9)/Settings!$C$32),"") | T9: =IFERROR(IF($D9="","",SUMIF('Pre-Test Entry'!$C$3:$AQ$3,Settings!$A$33,'Pre-Test Entry'!$C9:$AQ9)/Settings!$C$33),"") | U9: =IFERROR(IF($D9="","",SUMIF('Pre-Test Entry'!$C$3:$AQ$3,Settings!$A$34,'Pre-Test Entry'!$C9:$AQ9)/Settings!$C$34),"") | V9: =IFERROR(IF($G9="","",SUMIF('Post-Test Entry'!$C$3:$AQ$3,Settings!$A$28,'Post-Test Entry'!$C9:$AQ9)/Settings!$C$28),"") | W9: =IFERROR(IF($G9="","",SUMIF('Post-Test Entry'!$C$3:$AQ$3,Settings!$A$29,'Post-Test Entry'!$C9:$AQ9)/Settings!$C$29),"") | X9: =IFERROR(IF($G9="","",SUMIF('Post-Test Entry'!$C$3:$AQ$3,Settings!$A$30,'Post-Test Entry'!$C9:$AQ9)/Settings!$C$30),"") | Y9: =IFERROR(IF($G9="","",SUMIF('Post-Test Entry'!$C$3:$AQ$3,Settings!$A$31,'Post-Test Entry'!$C9:$AQ9)/Settings!$C$31),"") | Z9: =IFERROR(IF($G9="","",SUMIF('Post-Test Entry'!$C$3:$AQ$3,Settings!$A$32,'Post-Test Entry'!$C9:$AQ9)/Settings!$C$32),"") | AA9: =IFERROR(IF($G9="","",SUMIF('Post-Test Entry'!$C$3:$AQ$3,Settings!$A$33,'Post-Test Entry'!$C9:$AQ9)/Settings!$C$33),"") | AB9: =IFERROR(IF($G9="","",SUMIF('Post-Test Entry'!$C$3:$AQ$3,Settings!$A$34,'Post-Test Entry'!$C9:$AQ9)/Settings!$C$34),"") | AC9: =IF(OR(O9="",V9=""),"",V9-O9) | AD9: =IF(OR(P9="",W9=""),"",W9-P9) | AE9: =IF(OR(Q9="",X9=""),"",X9-Q9) | AF9: =IF(OR(R9="",Y9=""),"",Y9-R9) | AG9: =IF(OR(S9="",Z9=""),"",Z9-S9) | AH9: =IF(OR(T9="",AA9=""),"",AA9-T9) | AI9: =IF(OR(U9="",AB9=""),"",AB9-U9) | AJ9: =IFERROR(IF($G9<>"",INDEX($V$4:$AB$4,MATCH(MIN($V9:$AB9),$V9:$AB9,0)),IF($D9<>"",INDEX($O$4:$U$4,MATCH(MIN($O9:$U9),$O9:$U9,0)),"")),"") | AK9: =IFERROR(IF($G9<>"",INDEX($V$4:$AB$4,MATCH(SMALL($V9:$AB9,2),$V9:$AB9,0)),IF($D9<>"",INDEX($O$4:$U$4,MATCH(SMALL($O9:$U9,2),$O9:$U9,0)),"")),"") | AL9: =IF(OR(G9="",Settings!$B$17=""),"",IF(OR(ABS(G9-Settings!$B$5)<=Settings!$B$17,ABS(G9-Settings!$B$6)<=Settings!$B$17,ABS(G9-Settings!$B$7)<=Settings!$B$17),"NEAR CUT","")) | AM9: =IF('Post-Test Entry'!$AR9<>"","Post essay: code "&'Post-Test Entry'!$AR9,IF('Pre-Test Entry'!$AR9<>"","Pre essay: code "&'Pre-Test Entry'!$AR9,"")) | AN9: =IFERROR(IF($AJ9="","",INDEX(Settings!$D$28:$D$34,MATCH($AJ9,Settings!$A$28:$A$34,0))),"") | AP9: =IF(D9="","",D9^2) | AQ9: =IF(G9="","",G9^2)
A10: =IF(Roster!$A10="","",Roster!$A10) | B10: =IF(Roster!$B10<>"",Roster!$C10&" "&Roster!$B10,"") | C10: =IF(Roster!$B10<>"",Roster!$D10,"") | D10: =IF(AND(Roster!$B10<>"",COUNT('Pre-Test Entry'!$C10:$AQ10)>0),'Pre-Test Entry'!$AS10,"") | E10: =IFERROR(D10/Settings!$B$8,"") | F10: =IF(D10="","",IF(D10>=Settings!$B$7,"Distinguished Learner",IF(D10>=Settings!$B$6,"Proficient Learner",IF(D10>=Settings!$B$5,"Developing Learner","Beginning Learner")))) | G10: =IF(AND(Roster!$B10<>"",COUNT('Post-Test Entry'!$C10:$AQ10)>0),'Post-Test Entry'!$AS10,"") | H10: =IFERROR(G10/Settings!$B$8,"") | I10: =IF(G10="","",IF(G10>=Settings!$B$7,"Distinguished Learner",IF(G10>=Settings!$B$6,"Proficient Learner",IF(G10>=Settings!$B$5,"Developing Learner","Beginning Learner")))) | J10: =IF(OR(D10="",G10=""),"",G10-D10) | K10: =IFERROR(IF(OR(J10="",J10<=0),"",(G10-D10)/(Settings!$B$8-D10)),"") | L10: =IFERROR(IF(J10="","",(G10-D10)/(Settings!$B$17*SQRT(2))),"") | M10: =IF(L10="","",IF(ABS(L10)>=1.96,"Yes","No")) | N10: =IF(J10="","",IF(J10>=Settings!$B$15,"Yes","No")) | O10: =IFERROR(IF($D10="","",SUMIF('Pre-Test Entry'!$C$3:$AQ$3,Settings!$A$28,'Pre-Test Entry'!$C10:$AQ10)/Settings!$C$28),"") | P10: =IFERROR(IF($D10="","",SUMIF('Pre-Test Entry'!$C$3:$AQ$3,Settings!$A$29,'Pre-Test Entry'!$C10:$AQ10)/Settings!$C$29),"") | Q10: =IFERROR(IF($D10="","",SUMIF('Pre-Test Entry'!$C$3:$AQ$3,Settings!$A$30,'Pre-Test Entry'!$C10:$AQ10)/Settings!$C$30),"") | R10: =IFERROR(IF($D10="","",SUMIF('Pre-Test Entry'!$C$3:$AQ$3,Settings!$A$31,'Pre-Test Entry'!$C10:$AQ10)/Settings!$C$31),"") | S10: =IFERROR(IF($D10="","",SUMIF('Pre-Test Entry'!$C$3:$AQ$3,Settings!$A$32,'Pre-Test Entry'!$C10:$AQ10)/Settings!$C$32),"") | T10: =IFERROR(IF($D10="","",SUMIF('Pre-Test Entry'!$C$3:$AQ$3,Settings!$A$33,'Pre-Test Entry'!$C10:$AQ10)/Settings!$C$33),"") | U10: =IFERROR(IF($D10="","",SUMIF('Pre-Test Entry'!$C$3:$AQ$3,Settings!$A$34,'Pre-Test Entry'!$C10:$AQ10)/Settings!$C$34),"") | V10: =IFERROR(IF($G10="","",SUMIF('Post-Test Entry'!$C$3:$AQ$3,Settings!$A$28,'Post-Test Entry'!$C10:$AQ10)/Settings!$C$28),"") | W10: =IFERROR(IF($G10="","",SUMIF('Post-Test Entry'!$C$3:$AQ$3,Settings!$A$29,'Post-Test Entry'!$C10:$AQ10)/Settings!$C$29),"") | X10: =IFERROR(IF($G10="","",SUMIF('Post-Test Entry'!$C$3:$AQ$3,Settings!$A$30,'Post-Test Entry'!$C10:$AQ10)/Settings!$C$30),"") | Y10: =IFERROR(IF($G10="","",SUMIF('Post-Test Entry'!$C$3:$AQ$3,Settings!$A$31,'Post-Test Entry'!$C10:$AQ10)/Settings!$C$31),"") | Z10: =IFERROR(IF($G10="","",SUMIF('Post-Test Entry'!$C$3:$AQ$3,Settings!$A$32,'Post-Test Entry'!$C10:$AQ10)/Settings!$C$32),"") | AA10: =IFERROR(IF($G10="","",SUMIF('Post-Test Entry'!$C$3:$AQ$3,Settings!$A$33,'Post-Test Entry'!$C10:$AQ10)/Settings!$C$33),"") | AB10: =IFERROR(IF($G10="","",SUMIF('Post-Test Entry'!$C$3:$AQ$3,Settings!$A$34,'Post-Test Entry'!$C10:$AQ10)/Settings!$C$34),"") | AC10: =IF(OR(O10="",V10=""),"",V10-O10) | AD10: =IF(OR(P10="",W10=""),"",W10-P10) | AE10: =IF(OR(Q10="",X10=""),"",X10-Q10) | AF10: =IF(OR(R10="",Y10=""),"",Y10-R10) | AG10: =IF(OR(S10="",Z10=""),"",Z10-S10) | AH10: =IF(OR(T10="",AA10=""),"",AA10-T10) | AI10: =IF(OR(U10="",AB10=""),"",AB10-U10) | AJ10: =IFERROR(IF($G10<>"",INDEX($V$4:$AB$4,MATCH(MIN($V10:$AB10),$V10:$AB10,0)),IF($D10<>"",INDEX($O$4:$U$4,MATCH(MIN($O10:$U10),$O10:$U10,0)),"")),"") | AK10: =IFERROR(IF($G10<>"",INDEX($V$4:$AB$4,MATCH(SMALL($V10:$AB10,2),$V10:$AB10,0)),IF($D10<>"",INDEX($O$4:$U$4,MATCH(SMALL($O10:$U10,2),$O10:$U10,0)),"")),"") | AL10: =IF(OR(G10="",Settings!$B$17=""),"",IF(OR(ABS(G10-Settings!$B$5)<=Settings!$B$17,ABS(G10-Settings!$B$6)<=Settings!$B$17,ABS(G10-Settings!$B$7)<=Settings!$B$17),"NEAR CUT","")) | AM10: =IF('Post-Test Entry'!$AR10<>"","Post essay: code "&'Post-Test Entry'!$AR10,IF('Pre-Test Entry'!$AR10<>"","Pre essay: code "&'Pre-Test Entry'!$AR10,"")) | AN10: =IFERROR(IF($AJ10="","",INDEX(Settings!$D$28:$D$34,MATCH($AJ10,Settings!$A$28:$A$34,0))),"") | AP10: =IF(D10="","",D10^2) | AQ10: =IF(G10="","",G10^2)
A11: =IF(Roster!$A11="","",Roster!$A11) | B11: =IF(Roster!$B11<>"",Roster!$C11&" "&Roster!$B11,"") | C11: =IF(Roster!$B11<>"",Roster!$D11,"") | D11: =IF(AND(Roster!$B11<>"",COUNT('Pre-Test Entry'!$C11:$AQ11)>0),'Pre-Test Entry'!$AS11,"") | E11: =IFERROR(D11/Settings!$B$8,"") | F11: =IF(D11="","",IF(D11>=Settings!$B$7,"Distinguished Learner",IF(D11>=Settings!$B$6,"Proficient Learner",IF(D11>=Settings!$B$5,"Developing Learner","Beginning Learner")))) | G11: =IF(AND(Roster!$B11<>"",COUNT('Post-Test Entry'!$C11:$AQ11)>0),'Post-Test Entry'!$AS11,"") | H11: =IFERROR(G11/Settings!$B$8,"") | I11: =IF(G11="","",IF(G11>=Settings!$B$7,"Distinguished Learner",IF(G11>=Settings!$B$6,"Proficient Learner",IF(G11>=Settings!$B$5,"Developing Learner","Beginning Learner")))) | J11: =IF(OR(D11="",G11=""),"",G11-D11) | K11: =IFERROR(IF(OR(J11="",J11<=0),"",(G11-D11)/(Settings!$B$8-D11)),"") | L11: =IFERROR(IF(J11="","",(G11-D11)/(Settings!$B$17*SQRT(2))),"") | M11: =IF(L11="","",IF(ABS(L11)>=1.96,"Yes","No")) | N11: =IF(J11="","",IF(J11>=Settings!$B$15,"Yes","No")) | O11: =IFERROR(IF($D11="","",SUMIF('Pre-Test Entry'!$C$3:$AQ$3,Settings!$A$28,'Pre-Test Entry'!$C11:$AQ11)/Settings!$C$28),"") | P11: =IFERROR(IF($D11="","",SUMIF('Pre-Test Entry'!$C$3:$AQ$3,Settings!$A$29,'Pre-Test Entry'!$C11:$AQ11)/Settings!$C$29),"") | Q11: =IFERROR(IF($D11="","",SUMIF('Pre-Test Entry'!$C$3:$AQ$3,Settings!$A$30,'Pre-Test Entry'!$C11:$AQ11)/Settings!$C$30),"") | R11: =IFERROR(IF($D11="","",SUMIF('Pre-Test Entry'!$C$3:$AQ$3,Settings!$A$31,'Pre-Test Entry'!$C11:$AQ11)/Settings!$C$31),"") | S11: =IFERROR(IF($D11="","",SUMIF('Pre-Test Entry'!$C$3:$AQ$3,Settings!$A$32,'Pre-Test Entry'!$C11:$AQ11)/Settings!$C$32),"") | T11: =IFERROR(IF($D11="","",SUMIF('Pre-Test Entry'!$C$3:$AQ$3,Settings!$A$33,'Pre-Test Entry'!$C11:$AQ11)/Settings!$C$33),"") | U11: =IFERROR(IF($D11="","",SUMIF('Pre-Test Entry'!$C$3:$AQ$3,Settings!$A$34,'Pre-Test Entry'!$C11:$AQ11)/Settings!$C$34),"") | V11: =IFERROR(IF($G11="","",SUMIF('Post-Test Entry'!$C$3:$AQ$3,Settings!$A$28,'Post-Test Entry'!$C11:$AQ11)/Settings!$C$28),"") | W11: =IFERROR(IF($G11="","",SUMIF('Post-Test Entry'!$C$3:$AQ$3,Settings!$A$29,'Post-Test Entry'!$C11:$AQ11)/Settings!$C$29),"") | X11: =IFERROR(IF($G11="","",SUMIF('Post-Test Entry'!$C$3:$AQ$3,Settings!$A$30,'Post-Test Entry'!$C11:$AQ11)/Settings!$C$30),"") | Y11: =IFERROR(IF($G11="","",SUMIF('Post-Test Entry'!$C$3:$AQ$3,Settings!$A$31,'Post-Test Entry'!$C11:$AQ11)/Settings!$C$31),"") | Z11: =IFERROR(IF($G11="","",SUMIF('Post-Test Entry'!$C$3:$AQ$3,Settings!$A$32,'Post-Test Entry'!$C11:$AQ11)/Settings!$C$32),"") | AA11: =IFERROR(IF($G11="","",SUMIF('Post-Test Entry'!$C$3:$AQ$3,Settings!$A$33,'Post-Test Entry'!$C11:$AQ11)/Settings!$C$33),"") | AB11: =IFERROR(IF($G11="","",SUMIF('Post-Test Entry'!$C$3:$AQ$3,Settings!$A$34,'Post-Test Entry'!$C11:$AQ11)/Settings!$C$34),"") | AC11: =IF(OR(O11="",V11=""),"",V11-O11) | AD11: =IF(OR(P11="",W11=""),"",W11-P11) | AE11: =IF(OR(Q11="",X11=""),"",X11-Q11) | AF11: =IF(OR(R11="",Y11=""),"",Y11-R11) | AG11: =IF(OR(S11="",Z11=""),"",Z11-S11) | AH11: =IF(OR(T11="",AA11=""),"",AA11-T11) | AI11: =IF(OR(U11="",AB11=""),"",AB11-U11) | AJ11: =IFERROR(IF($G11<>"",INDEX($V$4:$AB$4,MATCH(MIN($V11:$AB11),$V11:$AB11,0)),IF($D11<>"",INDEX($O$4:$U$4,MATCH(MIN($O11:$U11),$O11:$U11,0)),"")),"") | AK11: =IFERROR(IF($G11<>"",INDEX($V$4:$AB$4,MATCH(SMALL($V11:$AB11,2),$V11:$AB11,0)),IF($D11<>"",INDEX($O$4:$U$4,MATCH(SMALL($O11:$U11,2),$O11:$U11,0)),"")),"") | AL11: =IF(OR(G11="",Settings!$B$17=""),"",IF(OR(ABS(G11-Settings!$B$5)<=Settings!$B$17,ABS(G11-Settings!$B$6)<=Settings!$B$17,ABS(G11-Settings!$B$7)<=Settings!$B$17),"NEAR CUT","")) | AM11: =IF('Post-Test Entry'!$AR11<>"","Post essay: code "&'Post-Test Entry'!$AR11,IF('Pre-Test Entry'!$AR11<>"","Pre essay: code "&'Pre-Test Entry'!$AR11,"")) | AN11: =IFERROR(IF($AJ11="","",INDEX(Settings!$D$28:$D$34,MATCH($AJ11,Settings!$A$28:$A$34,0))),"") | AP11: =IF(D11="","",D11^2) | AQ11: =IF(G11="","",G11^2)
A12: =IF(Roster!$A12="","",Roster!$A12) | B12: =IF(Roster!$B12<>"",Roster!$C12&" "&Roster!$B12,"") | C12: =IF(Roster!$B12<>"",Roster!$D12,"") | D12: =IF(AND(Roster!$B12<>"",COUNT('Pre-Test Entry'!$C12:$AQ12)>0),'Pre-Test Entry'!$AS12,"") | E12: =IFERROR(D12/Settings!$B$8,"") | F12: =IF(D12="","",IF(D12>=Settings!$B$7,"Distinguished Learner",IF(D12>=Settings!$B$6,"Proficient Learner",IF(D12>=Settings!$B$5,"Developing Learner","Beginning Learner")))) | G12: =IF(AND(Roster!$B12<>"",COUNT('Post-Test Entry'!$C12:$AQ12)>0),'Post-Test Entry'!$AS12,"") | H12: =IFERROR(G12/Settings!$B$8,"") | I12: =IF(G12="","",IF(G12>=Settings!$B$7,"Distinguished Learner",IF(G12>=Settings!$B$6,"Proficient Learner",IF(G12>=Settings!$B$5,"Developing Learner","Beginning Learner")))) | J12: =IF(OR(D12="",G12=""),"",G12-D12) | K12: =IFERROR(IF(OR(J12="",J12<=0),"",(G12-D12)/(Settings!$B$8-D12)),"") | L12: =IFERROR(IF(J12="","",(G12-D12)/(Settings!$B$17*SQRT(2))),"") | M12: =IF(L12="","",IF(ABS(L12)>=1.96,"Yes","No")) | N12: =IF(J12="","",IF(J12>=Settings!$B$15,"Yes","No")) | O12: =IFERROR(IF($D12="","",SUMIF('Pre-Test Entry'!$C$3:$AQ$3,Settings!$A$28,'Pre-Test Entry'!$C12:$AQ12)/Settings!$C$28),"") | P12: =IFERROR(IF($D12="","",SUMIF('Pre-Test Entry'!$C$3:$AQ$3,Settings!$A$29,'Pre-Test Entry'!$C12:$AQ12)/Settings!$C$29),"") | Q12: =IFERROR(IF($D12="","",SUMIF('Pre-Test Entry'!$C$3:$AQ$3,Settings!$A$30,'Pre-Test Entry'!$C12:$AQ12)/Settings!$C$30),"") | R12: =IFERROR(IF($D12="","",SUMIF('Pre-Test Entry'!$C$3:$AQ$3,Settings!$A$31,'Pre-Test Entry'!$C12:$AQ12)/Settings!$C$31),"") | S12: =IFERROR(IF($D12="","",SUMIF('Pre-Test Entry'!$C$3:$AQ$3,Settings!$A$32,'Pre-Test Entry'!$C12:$AQ12)/Settings!$C$32),"") | T12: =IFERROR(IF($D12="","",SUMIF('Pre-Test Entry'!$C$3:$AQ$3,Settings!$A$33,'Pre-Test Entry'!$C12:$AQ12)/Settings!$C$33),"") | U12: =IFERROR(IF($D12="","",SUMIF('Pre-Test Entry'!$C$3:$AQ$3,Settings!$A$34,'Pre-Test Entry'!$C12:$AQ12)/Settings!$C$34),"") | V12: =IFERROR(IF($G12="","",SUMIF('Post-Test Entry'!$C$3:$AQ$3,Settings!$A$28,'Post-Test Entry'!$C12:$AQ12)/Settings!$C$28),"") | W12: =IFERROR(IF($G12="","",SUMIF('Post-Test Entry'!$C$3:$AQ$3,Settings!$A$29,'Post-Test Entry'!$C12:$AQ12)/Settings!$C$29),"") | X12: =IFERROR(IF($G12="","",SUMIF('Post-Test Entry'!$C$3:$AQ$3,Settings!$A$30,'Post-Test Entry'!$C12:$AQ12)/Settings!$C$30),"") | Y12: =IFERROR(IF($G12="","",SUMIF('Post-Test Entry'!$C$3:$AQ$3,Settings!$A$31,'Post-Test Entry'!$C12:$AQ12)/Settings!$C$31),"") | Z12: =IFERROR(IF($G12="","",SUMIF('Post-Test Entry'!$C$3:$AQ$3,Settings!$A$32,'Post-Test Entry'!$C12:$AQ12)/Settings!$C$32),"") | AA12: =IFERROR(IF($G12="","",SUMIF('Post-Test Entry'!$C$3:$AQ$3,Settings!$A$33,'Post-Test Entry'!$C12:$AQ12)/Settings!$C$33),"") | AB12: =IFERROR(IF($G12="","",SUMIF('Post-Test Entry'!$C$3:$AQ$3,Settings!$A$34,'Post-Test Entry'!$C12:$AQ12)/Settings!$C$34),"") | AC12: =IF(OR(O12="",V12=""),"",V12-O12) | AD12: =IF(OR(P12="",W12=""),"",W12-P12) | AE12: =IF(OR(Q12="",X12=""),"",X12-Q12) | AF12: =IF(OR(R12="",Y12=""),"",Y12-R12) | AG12: =IF(OR(S12="",Z12=""),"",Z12-S12) | AH12: =IF(OR(T12="",AA12=""),"",AA12-T12) | AI12: =IF(OR(U12="",AB12=""),"",AB12-U12) | AJ12: =IFERROR(IF($G12<>"",INDEX($V$4:$AB$4,MATCH(MIN($V12:$AB12),$V12:$AB12,0)),IF($D12<>"",INDEX($O$4:$U$4,MATCH(MIN($O12:$U12),$O12:$U12,0)),"")),"") | AK12: =IFERROR(IF($G12<>"",INDEX($V$4:$AB$4,MATCH(SMALL($V12:$AB12,2),$V12:$AB12,0)),IF($D12<>"",INDEX($O$4:$U$4,MATCH(SMALL($O12:$U12,2),$O12:$U12,0)),"")),"") | AL12: =IF(OR(G12="",Settings!$B$17=""),"",IF(OR(ABS(G12-Settings!$B$5)<=Settings!$B$17,ABS(G12-Settings!$B$6)<=Settings!$B$17,ABS(G12-Settings!$B$7)<=Settings!$B$17),"NEAR CUT","")) | AM12: =IF('Post-Test Entry'!$AR12<>"","Post essay: code "&'Post-Test Entry'!$AR12,IF('Pre-Test Entry'!$AR12<>"","Pre essay: code "&'Pre-Test Entry'!$AR12,"")) | AN12: =IFERROR(IF($AJ12="","",INDEX(Settings!$D$28:$D$34,MATCH($AJ12,Settings!$A$28:$A$34,0))),"") | AP12: =IF(D12="","",D12^2) | AQ12: =IF(G12="","",G12^2)
A13: =IF(Roster!$A13="","",Roster!$A13) | B13: =IF(Roster!$B13<>"",Roster!$C13&" "&Roster!$B13,"") | C13: =IF(Roster!$B13<>"",Roster!$D13,"") | D13: =IF(AND(Roster!$B13<>"",COUNT('Pre-Test Entry'!$C13:$AQ13)>0),'Pre-Test Entry'!$AS13,"") | E13: =IFERROR(D13/Settings!$B$8,"") | F13: =IF(D13="","",IF(D13>=Settings!$B$7,"Distinguished Learner",IF(D13>=Settings!$B$6,"Proficient Learner",IF(D13>=Settings!$B$5,"Developing Learner","Beginning Learner")))) | G13: =IF(AND(Roster!$B13<>"",COUNT('Post-Test Entry'!$C13:$AQ13)>0),'Post-Test Entry'!$AS13,"") | H13: =IFERROR(G13/Settings!$B$8,"") | I13: =IF(G13="","",IF(G13>=Settings!$B$7,"Distinguished Learner",IF(G13>=Settings!$B$6,"Proficient Learner",IF(G13>=Settings!$B$5,"Developing Learner","Beginning Learner")))) | J13: =IF(OR(D13="",G13=""),"",G13-D13) | K13: =IFERROR(IF(OR(J13="",J13<=0),"",(G13-D13)/(Settings!$B$8-D13)),"") | L13: =IFERROR(IF(J13="","",(G13-D13)/(Settings!$B$17*SQRT(2))),"") | M13: =IF(L13="","",IF(ABS(L13)>=1.96,"Yes","No")) | N13: =IF(J13="","",IF(J13>=Settings!$B$15,"Yes","No")) | O13: =IFERROR(IF($D13="","",SUMIF('Pre-Test Entry'!$C$3:$AQ$3,Settings!$A$28,'Pre-Test Entry'!$C13:$AQ13)/Settings!$C$28),"") | P13: =IFERROR(IF($D13="","",SUMIF('Pre-Test Entry'!$C$3:$AQ$3,Settings!$A$29,'Pre-Test Entry'!$C13:$AQ13)/Settings!$C$29),"") | Q13: =IFERROR(IF($D13="","",SUMIF('Pre-Test Entry'!$C$3:$AQ$3,Settings!$A$30,'Pre-Test Entry'!$C13:$AQ13)/Settings!$C$30),"") | R13: =IFERROR(IF($D13="","",SUMIF('Pre-Test Entry'!$C$3:$AQ$3,Settings!$A$31,'Pre-Test Entry'!$C13:$AQ13)/Settings!$C$31),"") | S13: =IFERROR(IF($D13="","",SUMIF('Pre-Test Entry'!$C$3:$AQ$3,Settings!$A$32,'Pre-Test Entry'!$C13:$AQ13)/Settings!$C$32),"") | T13: =IFERROR(IF($D13="","",SUMIF('Pre-Test Entry'!$C$3:$AQ$3,Settings!$A$33,'Pre-Test Entry'!$C13:$AQ13)/Settings!$C$33),"") | U13: =IFERROR(IF($D13="","",SUMIF('Pre-Test Entry'!$C$3:$AQ$3,Settings!$A$34,'Pre-Test Entry'!$C13:$AQ13)/Settings!$C$34),"") | V13: =IFERROR(IF($G13="","",SUMIF('Post-Test Entry'!$C$3:$AQ$3,Settings!$A$28,'Post-Test Entry'!$C13:$AQ13)/Settings!$C$28),"") | W13: =IFERROR(IF($G13="","",SUMIF('Post-Test Entry'!$C$3:$AQ$3,Settings!$A$29,'Post-Test Entry'!$C13:$AQ13)/Settings!$C$29),"") | X13: =IFERROR(IF($G13="","",SUMIF('Post-Test Entry'!$C$3:$AQ$3,Settings!$A$30,'Post-Test Entry'!$C13:$AQ13)/Settings!$C$30),"") | Y13: =IFERROR(IF($G13="","",SUMIF('Post-Test Entry'!$C$3:$AQ$3,Settings!$A$31,'Post-Test Entry'!$C13:$AQ13)/Settings!$C$31),"") | Z13: =IFERROR(IF($G13="","",SUMIF('Post-Test Entry'!$C$3:$AQ$3,Settings!$A$32,'Post-Test Entry'!$C13:$AQ13)/Settings!$C$32),"") | AA13: =IFERROR(IF($G13="","",SUMIF('Post-Test Entry'!$C$3:$AQ$3,Settings!$A$33,'Post-Test Entry'!$C13:$AQ13)/Settings!$C$33),"") | AB13: =IFERROR(IF($G13="","",SUMIF('Post-Test Entry'!$C$3:$AQ$3,Settings!$A$34,'Post-Test Entry'!$C13:$AQ13)/Settings!$C$34),"") | AC13: =IF(OR(O13="",V13=""),"",V13-O13) | AD13: =IF(OR(P13="",W13=""),"",W13-P13) | AE13: =IF(OR(Q13="",X13=""),"",X13-Q13) | AF13: =IF(OR(R13="",Y13=""),"",Y13-R13) | AG13: =IF(OR(S13="",Z13=""),"",Z13-S13) | AH13: =IF(OR(T13="",AA13=""),"",AA13-T13) | AI13: =IF(OR(U13="",AB13=""),"",AB13-U13) | AJ13: =IFERROR(IF($G13<>"",INDEX($V$4:$AB$4,MATCH(MIN($V13:$AB13),$V13:$AB13,0)),IF($D13<>"",INDEX($O$4:$U$4,MATCH(MIN($O13:$U13),$O13:$U13,0)),"")),"") | AK13: =IFERROR(IF($G13<>"",INDEX($V$4:$AB$4,MATCH(SMALL($V13:$AB13,2),$V13:$AB13,0)),IF($D13<>"",INDEX($O$4:$U$4,MATCH(SMALL($O13:$U13,2),$O13:$U13,0)),"")),"") | AL13: =IF(OR(G13="",Settings!$B$17=""),"",IF(OR(ABS(G13-Settings!$B$5)<=Settings!$B$17,ABS(G13-Settings!$B$6)<=Settings!$B$17,ABS(G13-Settings!$B$7)<=Settings!$B$17),"NEAR CUT","")) | AM13: =IF('Post-Test Entry'!$AR13<>"","Post essay: code "&'Post-Test Entry'!$AR13,IF('Pre-Test Entry'!$AR13<>"","Pre essay: code "&'Pre-Test Entry'!$AR13,"")) | AN13: =IFERROR(IF($AJ13="","",INDEX(Settings!$D$28:$D$34,MATCH($AJ13,Settings!$A$28:$A$34,0))),"") | AP13: =IF(D13="","",D13^2) | AQ13: =IF(G13="","",G13^2)
A14: =IF(Roster!$A14="","",Roster!$A14) | B14: =IF(Roster!$B14<>"",Roster!$C14&" "&Roster!$B14,"") | C14: =IF(Roster!$B14<>"",Roster!$D14,"") | D14: =IF(AND(Roster!$B14<>"",COUNT('Pre-Test Entry'!$C14:$AQ14)>0),'Pre-Test Entry'!$AS14,"") | E14: =IFERROR(D14/Settings!$B$8,"") | F14: =IF(D14="","",IF(D14>=Settings!$B$7,"Distinguished Learner",IF(D14>=Settings!$B$6,"Proficient Learner",IF(D14>=Settings!$B$5,"Developing Learner","Beginning Learner")))) | G14: =IF(AND(Roster!$B14<>"",COUNT('Post-Test Entry'!$C14:$AQ14)>0),'Post-Test Entry'!$AS14,"") | H14: =IFERROR(G14/Settings!$B$8,"") | I14: =IF(G14="","",IF(G14>=Settings!$B$7,"Distinguished Learner",IF(G14>=Settings!$B$6,"Proficient Learner",IF(G14>=Settings!$B$5,"Developing Learner","Beginning Learner")))) | J14: =IF(OR(D14="",G14=""),"",G14-D14) | K14: =IFERROR(IF(OR(J14="",J14<=0),"",(G14-D14)/(Settings!$B$8-D14)),"") | L14: =IFERROR(IF(J14="","",(G14-D14)/(Settings!$B$17*SQRT(2))),"") | M14: =IF(L14="","",IF(ABS(L14)>=1.96,"Yes","No")) | N14: =IF(J14="","",IF(J14>=Settings!$B$15,"Yes","No")) | O14: =IFERROR(IF($D14="","",SUMIF('Pre-Test Entry'!$C$3:$AQ$3,Settings!$A$28,'Pre-Test Entry'!$C14:$AQ14)/Settings!$C$28),"") | P14: =IFERROR(IF($D14="","",SUMIF('Pre-Test Entry'!$C$3:$AQ$3,Settings!$A$29,'Pre-Test Entry'!$C14:$AQ14)/Settings!$C$29),"") | Q14: =IFERROR(IF($D14="","",SUMIF('Pre-Test Entry'!$C$3:$AQ$3,Settings!$A$30,'Pre-Test Entry'!$C14:$AQ14)/Settings!$C$30),"") | R14: =IFERROR(IF($D14="","",SUMIF('Pre-Test Entry'!$C$3:$AQ$3,Settings!$A$31,'Pre-Test Entry'!$C14:$AQ14)/Settings!$C$31),"") | S14: =IFERROR(IF($D14="","",SUMIF('Pre-Test Entry'!$C$3:$AQ$3,Settings!$A$32,'Pre-Test Entry'!$C14:$AQ14)/Settings!$C$32),"") | T14: =IFERROR(IF($D14="","",SUMIF('Pre-Test Entry'!$C$3:$AQ$3,Settings!$A$33,'Pre-Test Entry'!$C14:$AQ14)/Settings!$C$33),"") | U14: =IFERROR(IF($D14="","",SUMIF('Pre-Test Entry'!$C$3:$AQ$3,Settings!$A$34,'Pre-Test Entry'!$C14:$AQ14)/Settings!$C$34),"") | V14: =IFERROR(IF($G14="","",SUMIF('Post-Test Entry'!$C$3:$AQ$3,Settings!$A$28,'Post-Test Entry'!$C14:$AQ14)/Settings!$C$28),"") | W14: =IFERROR(IF($G14="","",SUMIF('Post-Test Entry'!$C$3:$AQ$3,Settings!$A$29,'Post-Test Entry'!$C14:$AQ14)/Settings!$C$29),"") | X14: =IFERROR(IF($G14="","",SUMIF('Post-Test Entry'!$C$3:$AQ$3,Settings!$A$30,'Post-Test Entry'!$C14:$AQ14)/Settings!$C$30),"") | Y14: =IFERROR(IF($G14="","",SUMIF('Post-Test Entry'!$C$3:$AQ$3,Settings!$A$31,'Post-Test Entry'!$C14:$AQ14)/Settings!$C$31),"") | Z14: =IFERROR(IF($G14="","",SUMIF('Post-Test Entry'!$C$3:$AQ$3,Settings!$A$32,'Post-Test Entry'!$C14:$AQ14)/Settings!$C$32),"") | AA14: =IFERROR(IF($G14="","",SUMIF('Post-Test Entry'!$C$3:$AQ$3,Settings!$A$33,'Post-Test Entry'!$C14:$AQ14)/Settings!$C$33),"") | AB14: =IFERROR(IF($G14="","",SUMIF('Post-Test Entry'!$C$3:$AQ$3,Settings!$A$34,'Post-Test Entry'!$C14:$AQ14)/Settings!$C$34),"") | AC14: =IF(OR(O14="",V14=""),"",V14-O14) | AD14: =IF(OR(P14="",W14=""),"",W14-P14) | AE14: =IF(OR(Q14="",X14=""),"",X14-Q14) | AF14: =IF(OR(R14="",Y14=""),"",Y14-R14) | AG14: =IF(OR(S14="",Z14=""),"",Z14-S14) | AH14: =IF(OR(T14="",AA14=""),"",AA14-T14) | AI14: =IF(OR(U14="",AB14=""),"",AB14-U14) | AJ14: =IFERROR(IF($G14<>"",INDEX($V$4:$AB$4,MATCH(MIN($V14:$AB14),$V14:$AB14,0)),IF($D14<>"",INDEX($O$4:$U$4,MATCH(MIN($O14:$U14),$O14:$U14,0)),"")),"") | AK14: =IFERROR(IF($G14<>"",INDEX($V$4:$AB$4,MATCH(SMALL($V14:$AB14,2),$V14:$AB14,0)),IF($D14<>"",INDEX($O$4:$U$4,MATCH(SMALL($O14:$U14,2),$O14:$U14,0)),"")),"") | AL14: =IF(OR(G14="",Settings!$B$17=""),"",IF(OR(ABS(G14-Settings!$B$5)<=Settings!$B$17,ABS(G14-Settings!$B$6)<=Settings!$B$17,ABS(G14-Settings!$B$7)<=Settings!$B$17),"NEAR CUT","")) | AM14: =IF('Post-Test Entry'!$AR14<>"","Post essay: code "&'Post-Test Entry'!$AR14,IF('Pre-Test Entry'!$AR14<>"","Pre essay: code "&'Pre-Test Entry'!$AR14,"")) | AN14: =IFERROR(IF($AJ14="","",INDEX(Settings!$D$28:$D$34,MATCH($AJ14,Settings!$A$28:$A$34,0))),"") | AP14: =IF(D14="","",D14^2) | AQ14: =IF(G14="","",G14^2)
A15: =IF(Roster!$A15="","",Roster!$A15) | B15: =IF(Roster!$B15<>"",Roster!$C15&" "&Roster!$B15,"") | C15: =IF(Roster!$B15<>"",Roster!$D15,"") | D15: =IF(AND(Roster!$B15<>"",COUNT('Pre-Test Entry'!$C15:$AQ15)>0),'Pre-Test Entry'!$AS15,"") | E15: =IFERROR(D15/Settings!$B$8,"") | F15: =IF(D15="","",IF(D15>=Settings!$B$7,"Distinguished Learner",IF(D15>=Settings!$B$6,"Proficient Learner",IF(D15>=Settings!$B$5,"Developing Learner","Beginning Learner")))) | G15: =IF(AND(Roster!$B15<>"",COUNT('Post-Test Entry'!$C15:$AQ15)>0),'Post-Test Entry'!$AS15,"") | H15: =IFERROR(G15/Settings!$B$8,"") | I15: =IF(G15="","",IF(G15>=Settings!$B$7,"Distinguished Learner",IF(G15>=Settings!$B$6,"Proficient Learner",IF(G15>=Settings!$B$5,"Developing Learner","Beginning Learner")))) | J15: =IF(OR(D15="",G15=""),"",G15-D15) | K15: =IFERROR(IF(OR(J15="",J15<=0),"",(G15-D15)/(Settings!$B$8-D15)),"") | L15: =IFERROR(IF(J15="","",(G15-D15)/(Settings!$B$17*SQRT(2))),"") | M15: =IF(L15="","",IF(ABS(L15)>=1.96,"Yes","No")) | N15: =IF(J15="","",IF(J15>=Settings!$B$15,"Yes","No")) | O15: =IFERROR(IF($D15="","",SUMIF('Pre-Test Entry'!$C$3:$AQ$3,Settings!$A$28,'Pre-Test Entry'!$C15:$AQ15)/Settings!$C$28),"") | P15: =IFERROR(IF($D15="","",SUMIF('Pre-Test Entry'!$C$3:$AQ$3,Settings!$A$29,'Pre-Test Entry'!$C15:$AQ15)/Settings!$C$29),"") | Q15: =IFERROR(IF($D15="","",SUMIF('Pre-Test Entry'!$C$3:$AQ$3,Settings!$A$30,'Pre-Test Entry'!$C15:$AQ15)/Settings!$C$30),"") | R15: =IFERROR(IF($D15="","",SUMIF('Pre-Test Entry'!$C$3:$AQ$3,Settings!$A$31,'Pre-Test Entry'!$C15:$AQ15)/Settings!$C$31),"") | S15: =IFERROR(IF($D15="","",SUMIF('Pre-Test Entry'!$C$3:$AQ$3,Settings!$A$32,'Pre-Test Entry'!$C15:$AQ15)/Settings!$C$32),"") | T15: =IFERROR(IF($D15="","",SUMIF('Pre-Test Entry'!$C$3:$AQ$3,Settings!$A$33,'Pre-Test Entry'!$C15:$AQ15)/Settings!$C$33),"") | U15: =IFERROR(IF($D15="","",SUMIF('Pre-Test Entry'!$C$3:$AQ$3,Settings!$A$34,'Pre-Test Entry'!$C15:$AQ15)/Settings!$C$34),"") | V15: =IFERROR(IF($G15="","",SUMIF('Post-Test Entry'!$C$3:$AQ$3,Settings!$A$28,'Post-Test Entry'!$C15:$AQ15)/Settings!$C$28),"") | W15: =IFERROR(IF($G15="","",SUMIF('Post-Test Entry'!$C$3:$AQ$3,Settings!$A$29,'Post-Test Entry'!$C15:$AQ15)/Settings!$C$29),"") | X15: =IFERROR(IF($G15="","",SUMIF('Post-Test Entry'!$C$3:$AQ$3,Settings!$A$30,'Post-Test Entry'!$C15:$AQ15)/Settings!$C$30),"") | Y15: =IFERROR(IF($G15="","",SUMIF('Post-Test Entry'!$C$3:$AQ$3,Settings!$A$31,'Post-Test Entry'!$C15:$AQ15)/Settings!$C$31),"") | Z15: =IFERROR(IF($G15="","",SUMIF('Post-Test Entry'!$C$3:$AQ$3,Settings!$A$32,'Post-Test Entry'!$C15:$AQ15)/Settings!$C$32),"") | AA15: =IFERROR(IF($G15="","",SUMIF('Post-Test Entry'!$C$3:$AQ$3,Settings!$A$33,'Post-Test Entry'!$C15:$AQ15)/Settings!$C$33),"") | AB15: =IFERROR(IF($G15="","",SUMIF('Post-Test Entry'!$C$3:$AQ$3,Settings!$A$34,'Post-Test Entry'!$C15:$AQ15)/Settings!$C$34),"") | AC15: =IF(OR(O15="",V15=""),"",V15-O15) | AD15: =IF(OR(P15="",W15=""),"",W15-P15) | AE15: =IF(OR(Q15="",X15=""),"",X15-Q15) | AF15: =IF(OR(R15="",Y15=""),"",Y15-R15) | AG15: =IF(OR(S15="",Z15=""),"",Z15-S15) | AH15: =IF(OR(T15="",AA15=""),"",AA15-T15) | AI15: =IF(OR(U15="",AB15=""),"",AB15-U15) | AJ15: =IFERROR(IF($G15<>"",INDEX($V$4:$AB$4,MATCH(MIN($V15:$AB15),$V15:$AB15,0)),IF($D15<>"",INDEX($O$4:$U$4,MATCH(MIN($O15:$U15),$O15:$U15,0)),"")),"") | AK15: =IFERROR(IF($G15<>"",INDEX($V$4:$AB$4,MATCH(SMALL($V15:$AB15,2),$V15:$AB15,0)),IF($D15<>"",INDEX($O$4:$U$4,MATCH(SMALL($O15:$U15,2),$O15:$U15,0)),"")),"") | AL15: =IF(OR(G15="",Settings!$B$17=""),"",IF(OR(ABS(G15-Settings!$B$5)<=Settings!$B$17,ABS(G15-Settings!$B$6)<=Settings!$B$17,ABS(G15-Settings!$B$7)<=Settings!$B$17),"NEAR CUT","")) | AM15: =IF('Post-Test Entry'!$AR15<>"","Post essay: code "&'Post-Test Entry'!$AR15,IF('Pre-Test Entry'!$AR15<>"","Pre essay: code "&'Pre-Test Entry'!$AR15,"")) | AN15: =IFERROR(IF($AJ15="","",INDEX(Settings!$D$28:$D$34,MATCH($AJ15,Settings!$A$28:$A$34,0))),"") | AP15: =IF(D15="","",D15^2) | AQ15: =IF(G15="","",G15^2)
A16: =IF(Roster!$A16="","",Roster!$A16) | B16: =IF(Roster!$B16<>"",Roster!$C16&" "&Roster!$B16,"") | C16: =IF(Roster!$B16<>"",Roster!$D16,"") | D16: =IF(AND(Roster!$B16<>"",COUNT('Pre-Test Entry'!$C16:$AQ16)>0),'Pre-Test Entry'!$AS16,"") | E16: =IFERROR(D16/Settings!$B$8,"") | F16: =IF(D16="","",IF(D16>=Settings!$B$7,"Distinguished Learner",IF(D16>=Settings!$B$6,"Proficient Learner",IF(D16>=Settings!$B$5,"Developing Learner","Beginning Learner")))) | G16: =IF(AND(Roster!$B16<>"",COUNT('Post-Test Entry'!$C16:$AQ16)>0),'Post-Test Entry'!$AS16,"") | H16: =IFERROR(G16/Settings!$B$8,"") | I16: =IF(G16="","",IF(G16>=Settings!$B$7,"Distinguished Learner",IF(G16>=Settings!$B$6,"Proficient Learner",IF(G16>=Settings!$B$5,"Developing Learner","Beginning Learner")))) | J16: =IF(OR(D16="",G16=""),"",G16-D16) | K16: =IFERROR(IF(OR(J16="",J16<=0),"",(G16-D16)/(Settings!$B$8-D16)),"") | L16: =IFERROR(IF(J16="","",(G16-D16)/(Settings!$B$17*SQRT(2))),"") | M16: =IF(L16="","",IF(ABS(L16)>=1.96,"Yes","No")) | N16: =IF(J16="","",IF(J16>=Settings!$B$15,"Yes","No")) | O16: =IFERROR(IF($D16="","",SUMIF('Pre-Test Entry'!$C$3:$AQ$3,Settings!$A$28,'Pre-Test Entry'!$C16:$AQ16)/Settings!$C$28),"") | P16: =IFERROR(IF($D16="","",SUMIF('Pre-Test Entry'!$C$3:$AQ$3,Settings!$A$29,'Pre-Test Entry'!$C16:$AQ16)/Settings!$C$29),"") | Q16: =IFERROR(IF($D16="","",SUMIF('Pre-Test Entry'!$C$3:$AQ$3,Settings!$A$30,'Pre-Test Entry'!$C16:$AQ16)/Settings!$C$30),"") | R16: =IFERROR(IF($D16="","",SUMIF('Pre-Test Entry'!$C$3:$AQ$3,Settings!$A$31,'Pre-Test Entry'!$C16:$AQ16)/Settings!$C$31),"") | S16: =IFERROR(IF($D16="","",SUMIF('Pre-Test Entry'!$C$3:$AQ$3,Settings!$A$32,'Pre-Test Entry'!$C16:$AQ16)/Settings!$C$32),"") | T16: =IFERROR(IF($D16="","",SUMIF('Pre-Test Entry'!$C$3:$AQ$3,Settings!$A$33,'Pre-Test Entry'!$C16:$AQ16)/Settings!$C$33),"") | U16: =IFERROR(IF($D16="","",SUMIF('Pre-Test Entry'!$C$3:$AQ$3,Settings!$A$34,'Pre-Test Entry'!$C16:$AQ16)/Settings!$C$34),"") | V16: =IFERROR(IF($G16="","",SUMIF('Post-Test Entry'!$C$3:$AQ$3,Settings!$A$28,'Post-Test Entry'!$C16:$AQ16)/Settings!$C$28),"") | W16: =IFERROR(IF($G16="","",SUMIF('Post-Test Entry'!$C$3:$AQ$3,Settings!$A$29,'Post-Test Entry'!$C16:$AQ16)/Settings!$C$29),"") | X16: =IFERROR(IF($G16="","",SUMIF('Post-Test Entry'!$C$3:$AQ$3,Settings!$A$30,'Post-Test Entry'!$C16:$AQ16)/Settings!$C$30),"") | Y16: =IFERROR(IF($G16="","",SUMIF('Post-Test Entry'!$C$3:$AQ$3,Settings!$A$31,'Post-Test Entry'!$C16:$AQ16)/Settings!$C$31),"") | Z16: =IFERROR(IF($G16="","",SUMIF('Post-Test Entry'!$C$3:$AQ$3,Settings!$A$32,'Post-Test Entry'!$C16:$AQ16)/Settings!$C$32),"") | AA16: =IFERROR(IF($G16="","",SUMIF('Post-Test Entry'!$C$3:$AQ$3,Settings!$A$33,'Post-Test Entry'!$C16:$AQ16)/Settings!$C$33),"") | AB16: =IFERROR(IF($G16="","",SUMIF('Post-Test Entry'!$C$3:$AQ$3,Settings!$A$34,'Post-Test Entry'!$C16:$AQ16)/Settings!$C$34),"") | AC16: =IF(OR(O16="",V16=""),"",V16-O16) | AD16: =IF(OR(P16="",W16=""),"",W16-P16) | AE16: =IF(OR(Q16="",X16=""),"",X16-Q16) | AF16: =IF(OR(R16="",Y16=""),"",Y16-R16) | AG16: =IF(OR(S16="",Z16=""),"",Z16-S16) | AH16: =IF(OR(T16="",AA16=""),"",AA16-T16) | AI16: =IF(OR(U16="",AB16=""),"",AB16-U16) | AJ16: =IFERROR(IF($G16<>"",INDEX($V$4:$AB$4,MATCH(MIN($V16:$AB16),$V16:$AB16,0)),IF($D16<>"",INDEX($O$4:$U$4,MATCH(MIN($O16:$U16),$O16:$U16,0)),"")),"") | AK16: =IFERROR(IF($G16<>"",INDEX($V$4:$AB$4,MATCH(SMALL($V16:$AB16,2),$V16:$AB16,0)),IF($D16<>"",INDEX($O$4:$U$4,MATCH(SMALL($O16:$U16,2),$O16:$U16,0)),"")),"") | AL16: =IF(OR(G16="",Settings!$B$17=""),"",IF(OR(ABS(G16-Settings!$B$5)<=Settings!$B$17,ABS(G16-Settings!$B$6)<=Settings!$B$17,ABS(G16-Settings!$B$7)<=Settings!$B$17),"NEAR CUT","")) | AM16: =IF('Post-Test Entry'!$AR16<>"","Post essay: code "&'Post-Test Entry'!$AR16,IF('Pre-Test Entry'!$AR16<>"","Pre essay: code "&'Pre-Test Entry'!$AR16,"")) | AN16: =IFERROR(IF($AJ16="","",INDEX(Settings!$D$28:$D$34,MATCH($AJ16,Settings!$A$28:$A$34,0))),"") | AP16: =IF(D16="","",D16^2) | AQ16: =IF(G16="","",G16^2)
A17: =IF(Roster!$A17="","",Roster!$A17) | B17: =IF(Roster!$B17<>"",Roster!$C17&" "&Roster!$B17,"") | C17: =IF(Roster!$B17<>"",Roster!$D17,"") | D17: =IF(AND(Roster!$B17<>"",COUNT('Pre-Test Entry'!$C17:$AQ17)>0),'Pre-Test Entry'!$AS17,"") | E17: =IFERROR(D17/Settings!$B$8,"") | F17: =IF(D17="","",IF(D17>=Settings!$B$7,"Distinguished Learner",IF(D17>=Settings!$B$6,"Proficient Learner",IF(D17>=Settings!$B$5,"Developing Learner","Beginning Learner")))) | G17: =IF(AND(Roster!$B17<>"",COUNT('Post-Test Entry'!$C17:$AQ17)>0),'Post-Test Entry'!$AS17,"") | H17: =IFERROR(G17/Settings!$B$8,"") | I17: =IF(G17="","",IF(G17>=Settings!$B$7,"Distinguished Learner",IF(G17>=Settings!$B$6,"Proficient Learner",IF(G17>=Settings!$B$5,"Developing Learner","Beginning Learner")))) | J17: =IF(OR(D17="",G17=""),"",G17-D17) | K17: =IFERROR(IF(OR(J17="",J17<=0),"",(G17-D17)/(Settings!$B$8-D17)),"") | L17: =IFERROR(IF(J17="","",(G17-D17)/(Settings!$B$17*SQRT(2))),"") | M17: =IF(L17="","",IF(ABS(L17)>=1.96,"Yes","No")) | N17: =IF(J17="","",IF(J17>=Settings!$B$15,"Yes","No")) | O17: =IFERROR(IF($D17="","",SUMIF('Pre-Test Entry'!$C$3:$AQ$3,Settings!$A$28,'Pre-Test Entry'!$C17:$AQ17)/Settings!$C$28),"") | P17: =IFERROR(IF($D17="","",SUMIF('Pre-Test Entry'!$C$3:$AQ$3,Settings!$A$29,'Pre-Test Entry'!$C17:$AQ17)/Settings!$C$29),"") | Q17: =IFERROR(IF($D17="","",SUMIF('Pre-Test Entry'!$C$3:$AQ$3,Settings!$A$30,'Pre-Test Entry'!$C17:$AQ17)/Settings!$C$30),"") | R17: =IFERROR(IF($D17="","",SUMIF('Pre-Test Entry'!$C$3:$AQ$3,Settings!$A$31,'Pre-Test Entry'!$C17:$AQ17)/Settings!$C$31),"") | S17: =IFERROR(IF($D17="","",SUMIF('Pre-Test Entry'!$C$3:$AQ$3,Settings!$A$32,'Pre-Test Entry'!$C17:$AQ17)/Settings!$C$32),"") | T17: =IFERROR(IF($D17="","",SUMIF('Pre-Test Entry'!$C$3:$AQ$3,Settings!$A$33,'Pre-Test Entry'!$C17:$AQ17)/Settings!$C$33),"") | U17: =IFERROR(IF($D17="","",SUMIF('Pre-Test Entry'!$C$3:$AQ$3,Settings!$A$34,'Pre-Test Entry'!$C17:$AQ17)/Settings!$C$34),"") | V17: =IFERROR(IF($G17="","",SUMIF('Post-Test Entry'!$C$3:$AQ$3,Settings!$A$28,'Post-Test Entry'!$C17:$AQ17)/Settings!$C$28),"") | W17: =IFERROR(IF($G17="","",SUMIF('Post-Test Entry'!$C$3:$AQ$3,Settings!$A$29,'Post-Test Entry'!$C17:$AQ17)/Settings!$C$29),"") | X17: =IFERROR(IF($G17="","",SUMIF('Post-Test Entry'!$C$3:$AQ$3,Settings!$A$30,'Post-Test Entry'!$C17:$AQ17)/Settings!$C$30),"") | Y17: =IFERROR(IF($G17="","",SUMIF('Post-Test Entry'!$C$3:$AQ$3,Settings!$A$31,'Post-Test Entry'!$C17:$AQ17)/Settings!$C$31),"") | Z17: =IFERROR(IF($G17="","",SUMIF('Post-Test Entry'!$C$3:$AQ$3,Settings!$A$32,'Post-Test Entry'!$C17:$AQ17)/Settings!$C$32),"") | AA17: =IFERROR(IF($G17="","",SUMIF('Post-Test Entry'!$C$3:$AQ$3,Settings!$A$33,'Post-Test Entry'!$C17:$AQ17)/Settings!$C$33),"") | AB17: =IFERROR(IF($G17="","",SUMIF('Post-Test Entry'!$C$3:$AQ$3,Settings!$A$34,'Post-Test Entry'!$C17:$AQ17)/Settings!$C$34),"") | AC17: =IF(OR(O17="",V17=""),"",V17-O17) | AD17: =IF(OR(P17="",W17=""),"",W17-P17) | AE17: =IF(OR(Q17="",X17=""),"",X17-Q17) | AF17: =IF(OR(R17="",Y17=""),"",Y17-R17) | AG17: =IF(OR(S17="",Z17=""),"",Z17-S17) | AH17: =IF(OR(T17="",AA17=""),"",AA17-T17) | AI17: =IF(OR(U17="",AB17=""),"",AB17-U17) | AJ17: =IFERROR(IF($G17<>"",INDEX($V$4:$AB$4,MATCH(MIN($V17:$AB17),$V17:$AB17,0)),IF($D17<>"",INDEX($O$4:$U$4,MATCH(MIN($O17:$U17),$O17:$U17,0)),"")),"") | AK17: =IFERROR(IF($G17<>"",INDEX($V$4:$AB$4,MATCH(SMALL($V17:$AB17,2),$V17:$AB17,0)),IF($D17<>"",INDEX($O$4:$U$4,MATCH(SMALL($O17:$U17,2),$O17:$U17,0)),"")),"") | AL17: =IF(OR(G17="",Settings!$B$17=""),"",IF(OR(ABS(G17-Settings!$B$5)<=Settings!$B$17,ABS(G17-Settings!$B$6)<=Settings!$B$17,ABS(G17-Settings!$B$7)<=Settings!$B$17),"NEAR CUT","")) | AM17: =IF('Post-Test Entry'!$AR17<>"","Post essay: code "&'Post-Test Entry'!$AR17,IF('Pre-Test Entry'!$AR17<>"","Pre essay: code "&'Pre-Test Entry'!$AR17,"")) | AN17: =IFERROR(IF($AJ17="","",INDEX(Settings!$D$28:$D$34,MATCH($AJ17,Settings!$A$28:$A$34,0))),"") | AP17: =IF(D17="","",D17^2) | AQ17: =IF(G17="","",G17^2)
... A155: =IF(Roster!$A155="","",Roster!$A155) | B155: =IF(Roster!$B155<>"",Roster!$C155&" "&Roster!$B155,"") | C155: =IF(Roster!$B155<>"",Roster!$D155,"") | D155: =IF(AND(Roster!$B155<>"",COUNT('Pre-Test Entry'!$C155:$AQ155)>0),'Pre-Test Entry'!$AS155,"") | E155: =IFERROR(D155/Settings!$B$8,"") | F155: =IF(D155="","",IF(D155>=Settings!$B$7,"Distinguished Learner",IF(D155>=Settings!$B$6,"Proficient Learner",IF(D155>=Settings!$B$5,"Developing Learner","Beginning Learner")))) | G155: =IF(AND(Roster!$B155<>"",COUNT('Post-Test Entry'!$C155:$AQ155)>0),'Post-Test Entry'!$AS155,"") | H155: =IFERROR(G155/Settings!$B$8,"") | I155: =IF(G155="","",IF(G155>=Settings!$B$7,"Distinguished Learner",IF(G155>=Settings!$B$6,"Proficient Learner",IF(G155>=Settings!$B$5,"Developing Learner","Beginning Learner")))) | J155: =IF(OR(D155="",G155=""),"",G155-D155) | K155: =IFERROR(IF(OR(J155="",J155<=0),"",(G155-D155)/(Settings!$B$8-D155)),"") | L155: =IFERROR(IF(J155="","",(G155-D155)/(Settings!$B$17*SQRT(2))),"") | M155: =IF(L155="","",IF(ABS(L155)>=1.96,"Yes","No")) | N155: =IF(J155="","",IF(J155>=Settings!$B$15,"Yes","No")) | O155: =IFERROR(IF($D155="","",SUMIF('Pre-Test Entry'!$C$3:$AQ$3,Settings!$A$28,'Pre-Test Entry'!$C155:$AQ155)/Settings!$C$28),"") | P155: =IFERROR(IF($D155="","",SUMIF('Pre-Test Entry'!$C$3:$AQ$3,Settings!$A$29,'Pre-Test Entry'!$C155:$AQ155)/Settings!$C$29),"") | Q155: =IFERROR(IF($D155="","",SUMIF('Pre-Test Entry'!$C$3:$AQ$3,Settings!$A$30,'Pre-Test Entry'!$C155:$AQ155)/Settings!$C$30),"") | R155: =IFERROR(IF($D155="","",SUMIF('Pre-Test Entry'!$C$3:$AQ$3,Settings!$A$31,'Pre-Test Entry'!$C155:$AQ155)/Settings!$C$31),"") | S155: =IFERROR(IF($D155="","",SUMIF('Pre-Test Entry'!$C$3:$AQ$3,Settings!$A$32,'Pre-Test Entry'!$C155:$AQ155)/Settings!$C$32),"") | T155: =IFERROR(IF($D155="","",SUMIF('Pre-Test Entry'!$C$3:$AQ$3,Settings!$A$33,'Pre-Test Entry'!$C155:$AQ155)/Settings!$C$33),"") | U155: =IFERROR(IF($D155="","",SUMIF('Pre-Test Entry'!$C$3:$AQ$3,Settings!$A$34,'Pre-Test Entry'!$C155:$AQ155)/Settings!$C$34),"") | V155: =IFERROR(IF($G155="","",SUMIF('Post-Test Entry'!$C$3:$AQ$3,Settings!$A$28,'Post-Test Entry'!$C155:$AQ155)/Settings!$C$28),"") | W155: =IFERROR(IF($G155="","",SUMIF('Post-Test Entry'!$C$3:$AQ$3,Settings!$A$29,'Post-Test Entry'!$C155:$AQ155)/Settings!$C$29),"") | X155: =IFERROR(IF($G155="","",SUMIF('Post-Test Entry'!$C$3:$AQ$3,Settings!$A$30,'Post-Test Entry'!$C155:$AQ155)/Settings!$C$30),"") | Y155: =IFERROR(IF($G155="","",SUMIF('Post-Test Entry'!$C$3:$AQ$3,Settings!$A$31,'Post-Test Entry'!$C155:$AQ155)/Settings!$C$31),"") | Z155: =IFERROR(IF($G155="","",SUMIF('Post-Test Entry'!$C$3:$AQ$3,Settings!$A$32,'Post-Test Entry'!$C155:$AQ155)/Settings!$C$32),"") | AA155: =IFERROR(IF($G155="","",SUMIF('Post-Test Entry'!$C$3:$AQ$3,Settings!$A$33,'Post-Test Entry'!$C155:$AQ155)/Settings!$C$33),"") | AB155: =IFERROR(IF($G155="","",SUMIF('Post-Test Entry'!$C$3:$AQ$3,Settings!$A$34,'Post-Test Entry'!$C155:$AQ155)/Settings!$C$34),"") | AC155: =IF(OR(O155="",V155=""),"",V155-O155) | AD155: =IF(OR(P155="",W155=""),"",W155-P155) | AE155: =IF(OR(Q155="",X155=""),"",X155-Q155) | AF155: =IF(OR(R155="",Y155=""),"",Y155-R155) | AG155: =IF(OR(S155="",Z155=""),"",Z155-S155) | AH155: =IF(OR(T155="",AA155=""),"",AA155-T155) | AI155: =IF(OR(U155="",AB155=""),"",AB155-U155) | AJ155: =IFERROR(IF($G155<>"",INDEX($V$4:$AB$4,MATCH(MIN($V155:$AB155),$V155:$AB155,0)),IF($D155<>"",INDEX($O$4:$U$4,MATCH(MIN($O155:$U155),$O155:$U155,0)),"")),"") | AK155: =IFERROR(IF($G155<>"",INDEX($V$4:$AB$4,MATCH(SMALL($V155:$AB155,2),$V155:$AB155,0)),IF($D155<>"",INDEX($O$4:$U$4,MATCH(SMALL($O155:$U155,2),$O155:$U155,0)),"")),"") | AL155: =IF(OR(G155="",Settings!$B$17=""),"",IF(OR(ABS(G155-Settings!$B$5)<=Settings!$B$17,ABS(G155-Settings!$B$6)<=Settings!$B$17,ABS(G155-Settings!$B$7)<=Settings!$B$17),"NEAR CUT","")) | AM155: =IF('Post-Test Entry'!$AR155<>"","Post essay: code "&'Post-Test Entry'!$AR155,IF('Pre-Test Entry'!$AR155<>"","Pre essay: code "&'Pre-Test Entry'!$AR155,"")) | AN155: =IFERROR(IF($AJ155="","",INDEX(Settings!$D$28:$D$34,MATCH($AJ155,Settings!$A$28:$A$34,0))),"") | AP155: =IF(D155="","",D155^2) | AQ155: =IF(G155="","",G155^2)

Sheet Class Dashboard
A1: Class Dashboard
A2: Type a class period in cell B4 to filter every statistic on this sheet to that period. Leave B4 blank for all students.
A4: Filter to class period (blank = all):
A6: Overall performance
B7: Pre-Test | C7: Post-Test | D7: Change
A8: Students with scores | B8: =COUNTIFS('Student Report'!$C$6:$C$155,Settings!$Z$1,'Student Report'!$D$6:$D$155,">=0") | C8: =COUNTIFS('Student Report'!$C$6:$C$155,Settings!$Z$1,'Student Report'!$G$6:$G$155,">=0")
A9: Mean raw score (of 60) | B9: =IFERROR(AVERAGEIFS('Student Report'!$D$6:$D$155,'Student Report'!$C$6:$C$155,Settings!$Z$1),"") | C9: =IFERROR(AVERAGEIFS('Student Report'!$G$6:$G$155,'Student Report'!$C$6:$C$155,Settings!$Z$1),"") | D9: =IFERROR(C9-B9,"")
A10: Mean percent | B10: =IFERROR(B9/Settings!$B$8,"") | C10: =IFERROR(C9/Settings!$B$8,"") | D10: =IFERROR(C10-B10,"")
A11: Standard deviation | B11: =IFERROR(SQRT((SUMIFS('Student Report'!$AP$6:$AP$155,'Student Report'!$C$6:$C$155,Settings!$Z$1)-B8*B9^2)/(B8-1)),"") | C11: =IFERROR(SQRT((SUMIFS('Student Report'!$AQ$6:$AQ$155,'Student Report'!$C$6:$C$155,Settings!$Z$1)-C8*C9^2)/(C8-1)),"")
A12: Lowest score | B12: =IFERROR(_xlfn.MINIFS('Student Report'!$D$6:$D$155,'Student Report'!$C$6:$C$155,Settings!$Z$1),"") | C12: =IFERROR(_xlfn.MINIFS('Student Report'!$G$6:$G$155,'Student Report'!$C$6:$C$155,Settings!$Z$1),"")
A13: Highest score | B13: =IFERROR(_xlfn.MAXIFS('Student Report'!$D$6:$D$155,'Student Report'!$C$6:$C$155,Settings!$Z$1),"") | C13: =IFERROR(_xlfn.MAXIFS('Student Report'!$G$6:$G$155,'Student Report'!$C$6:$C$155,Settings!$Z$1),"")
A15: Class effect size (Cohen's d) | B15: =IFERROR((C9-B9)/SQRT((B11^2+C11^2)/2),"") | C15: =IFERROR(IF(B15="","",IF(B15>=0.7,"Strong year",IF(B15>=0.4,"Solid year",IF(B15>=0.2,"Modest","Below expectation")))),"") | D15: Middle-grades ELA benchmarks: 0.40 solid, 0.70 strong
A17: Achievement level distribution
A18: Achievement level | B18: Pre — n | C18: Pre — % | D18: Post — n | E18: Post — % | F18: Change in n
A19: Beginning Learner | B19: =COUNTIFS('Student Report'!$C$6:$C$155,Settings!$Z$1,'Student Report'!$F$6:$F$155,"Beginning Learner") | C19: =IFERROR(B19/SUM($B$19:$B$22),"") | D19: =COUNTIFS('Student Report'!$C$6:$C$155,Settings!$Z$1,'Student Report'!$I$6:$I$155,"Beginning Learner") | E19: =IFERROR(D19/SUM($D$19:$D$22),"") | F19: =D19-B19
A20: Developing Learner | B20: =COUNTIFS('Student Report'!$C$6:$C$155,Settings!$Z$1,'Student Report'!$F$6:$F$155,"Developing Learner") | C20: =IFERROR(B20/SUM($B$19:$B$22),"") | D20: =COUNTIFS('Student Report'!$C$6:$C$155,Settings!$Z$1,'Student Report'!$I$6:$I$155,"Developing Learner") | E20: =IFERROR(D20/SUM($D$19:$D$22),"") | F20: =D20-B20
A21: Proficient Learner | B21: =COUNTIFS('Student Report'!$C$6:$C$155,Settings!$Z$1,'Student Report'!$F$6:$F$155,"Proficient Learner") | C21: =IFERROR(B21/SUM($B$19:$B$22),"") | D21: =COUNTIFS('Student Report'!$C$6:$C$155,Settings!$Z$1,'Student Report'!$I$6:$I$155,"Proficient Learner") | E21: =IFERROR(D21/SUM($D$19:$D$22),"") | F21: =D21-B21
A22: Distinguished Learner | B22: =COUNTIFS('Student Report'!$C$6:$C$155,Settings!$Z$1,'Student Report'!$F$6:$F$155,"Distinguished Learner") | C22: =IFERROR(B22/SUM($B$19:$B$22),"") | D22: =COUNTIFS('Student Report'!$C$6:$C$155,Settings!$Z$1,'Student Report'!$I$6:$I$155,"Distinguished Learner") | E22: =IFERROR(D22/SUM($D$19:$D$22),"") | F22: =D22-B22
A24: Reporting category performance
A25: Reporting category | B25: Max pts | C25: Pre — mean % | D25: Post — mean % | E25: Change | F25: Students 'Not Yet' (post) | G25: Whole-class reteach?
A26: I-CSS — Interpreting — Context, Structure & Style | B26: 6 | C26: =IFERROR(AVERAGEIFS('Student Report'!$O$6:$O$155,'Student Report'!$C$6:$C$155,Settings!$Z$1,'Student Report'!$O$6:$O$155,">=0"),"") | D26: =IFERROR(AVERAGEIFS('Student Report'!$V$6:$V$155,'Student Report'!$C$6:$C$155,Settings!$Z$1,'Student Report'!$V$6:$V$155,">=0"),"") | E26: =IFERROR(D26-C26,"") | F26: =COUNTIFS('Student Report'!$C$6:$C$155,Settings!$Z$1,'Student Report'!$V$6:$V$155,"<"&Settings!$B$12,'Student Report'!$V$6:$V$155,">=0") | G26: =IF(C26="","",IF(F26>=0.4*MAX(1,COUNTIFS('Student Report'!$C$6:$C$155,Settings!$Z$1,'Student Report'!$G$6:$G$155,">=0")),"YES — reteach to whole class","No — small group"))
A27: I-TEC — Interpreting — Techniques | B27: 16 | C27: =IFERROR(AVERAGEIFS('Student Report'!$P$6:$P$155,'Student Report'!$C$6:$C$155,Settings!$Z$1,'Student Report'!$P$6:$P$155,">=0"),"") | D27: =IFERROR(AVERAGEIFS('Student Report'!$W$6:$W$155,'Student Report'!$C$6:$C$155,Settings!$Z$1,'Student Report'!$W$6:$W$155,">=0"),"") | E27: =IFERROR(D27-C27,"") | F27: =COUNTIFS('Student Report'!$C$6:$C$155,Settings!$Z$1,'Student Report'!$W$6:$W$155,"<"&Settings!$B$12,'Student Report'!$W$6:$W$155,">=0") | G27: =IF(C27="","",IF(F27>=0.4*MAX(1,COUNTIFS('Student Report'!$C$6:$C$155,Settings!$Z$1,'Student Report'!$G$6:$G$155,">=0")),"YES — reteach to whole class","No — small group"))
A28: I-PRA — Interpreting — Periods & Movements + Research | B28: 6 | C28: =IFERROR(AVERAGEIFS('Student Report'!$Q$6:$Q$155,'Student Report'!$C$6:$C$155,Settings!$Z$1,'Student Report'!$Q$6:$Q$155,">=0"),"") | D28: =IFERROR(AVERAGEIFS('Student Report'!$X$6:$X$155,'Student Report'!$C$6:$C$155,Settings!$Z$1,'Student Report'!$X$6:$X$155,">=0"),"") | E28: =IFERROR(D28-C28,"") | F28: =COUNTIFS('Student Report'!$C$6:$C$155,Settings!$Z$1,'Student Report'!$X$6:$X$155,"<"&Settings!$B$12,'Student Report'!$X$6:$X$155,">=0") | G28: =IF(C28="","",IF(F28>=0.4*MAX(1,COUNTIFS('Student Report'!$C$6:$C$155,Settings!$Z$1,'Student Report'!$G$6:$G$155,">=0")),"YES — reteach to whole class","No — small group"))
A29: I-LNG — Interpreting — Language (Grammar & Vocabulary) | B29: 6 | C29: =IFERROR(AVERAGEIFS('Student Report'!$R$6:$R$155,'Student Report'!$C$6:$C$155,Settings!$Z$1,'Student Report'!$R$6:$R$155,">=0"),"") | D29: =IFERROR(AVERAGEIFS('Student Report'!$Y$6:$Y$155,'Student Report'!$C$6:$C$155,Settings!$Z$1,'Student Report'!$Y$6:$Y$155,">=0"),"") | E29: =IFERROR(D29-C29,"") | F29: =COUNTIFS('Student Report'!$C$6:$C$155,Settings!$Z$1,'Student Report'!$Y$6:$Y$155,"<"&Settings!$B$12,'Student Report'!$Y$6:$Y$155,">=0") | G29: =IF(C29="","",IF(F29>=0.4*MAX(1,COUNTIFS('Student Report'!$C$6:$C$155,Settings!$Z$1,'Student Report'!$G$6:$G$155,">=0")),"YES — reteach to whole class","No — small group"))
A30: C-CSS — Constructing — Context, Structure & Style | B30: 8 | C30: =IFERROR(AVERAGEIFS('Student Report'!$S$6:$S$155,'Student Report'!$C$6:$C$155,Settings!$Z$1,'Student Report'!$S$6:$S$155,">=0"),"") | D30: =IFERROR(AVERAGEIFS('Student Report'!$Z$6:$Z$155,'Student Report'!$C$6:$C$155,Settings!$Z$1,'Student Report'!$Z$6:$Z$155,">=0"),"") | E30: =IFERROR(D30-C30,"") | F30: =COUNTIFS('Student Report'!$C$6:$C$155,Settings!$Z$1,'Student Report'!$Z$6:$Z$155,"<"&Settings!$B$12,'Student Report'!$Z$6:$Z$155,">=0") | G30: =IF(C30="","",IF(F30>=0.4*MAX(1,COUNTIFS('Student Report'!$C$6:$C$155,Settings!$Z$1,'Student Report'!$G$6:$G$155,">=0")),"YES — reteach to whole class","No — small group"))
A31: C-TEC — Constructing — Techniques | B31: 10 | C31: =IFERROR(AVERAGEIFS('Student Report'!$T$6:$T$155,'Student Report'!$C$6:$C$155,Settings!$Z$1,'Student Report'!$T$6:$T$155,">=0"),"") | D31: =IFERROR(AVERAGEIFS('Student Report'!$AA$6:$AA$155,'Student Report'!$C$6:$C$155,Settings!$Z$1,'Student Report'!$AA$6:$AA$155,">=0"),"") | E31: =IFERROR(D31-C31,"") | F31: =COUNTIFS('Student Report'!$C$6:$C$155,Settings!$Z$1,'Student Report'!$AA$6:$AA$155,"<"&Settings!$B$12,'Student Report'!$AA$6:$AA$155,">=0") | G31: =IF(C31="","",IF(F31>=0.4*MAX(1,COUNTIFS('Student Report'!$C$6:$C$155,Settings!$Z$1,'Student Report'!$G$6:$G$155,">=0")),"YES — reteach to whole class","No — small group"))
A32: C-LNG — Constructing — Language (Grammar & Vocabulary) | B32: 8 | C32: =IFERROR(AVERAGEIFS('Student Report'!$U$6:$U$155,'Student Report'!$C$6:$C$155,Settings!$Z$1,'Student Report'!$U$6:$U$155,">=0"),"") | D32: =IFERROR(AVERAGEIFS('Student Report'!$AB$6:$AB$155,'Student Report'!$C$6:$C$155,Settings!$Z$1,'Student Report'!$AB$6:$AB$155,">=0"),"") | E32: =IFERROR(D32-C32,"") | F32: =COUNTIFS('Student Report'!$C$6:$C$155,Settings!$Z$1,'Student Report'!$AB$6:$AB$155,"<"&Settings!$B$12,'Student Report'!$AB$6:$AB$155,">=0") | G32: =IF(C32="","",IF(F32>=0.4*MAX(1,COUNTIFS('Student Report'!$C$6:$C$155,Settings!$Z$1,'Student Report'!$G$6:$G$155,">=0")),"YES — reteach to whole class","No — small group"))
A34: Growth summary
A35: Students with both pre and post scores | B35: =COUNTIFS('Student Report'!$C$6:$C$155,Settings!$Z$1,'Student Report'!$J$6:$J$155,">=-999")
A36: Students meeting the growth target | B36: =COUNTIFS('Student Report'!$C$6:$C$155,Settings!$Z$1,'Student Report'!$N$6:$N$155,"Yes")
A37: Percent meeting the growth target | B37: =IFERROR(B36/B35,"")
A38: Students with statistically reliable change | B38: =COUNTIFS('Student Report'!$C$6:$C$155,Settings!$Z$1,'Student Report'!$M$6:$M$155,"Yes")
A39: Students who declined (negative gain) | B39: =COUNTIFS('Student Report'!$C$6:$C$155,Settings!$Z$1,'Student Report'!$J$6:$J$155,"<0")
A40: Students within one SEM of a cut score (post) | B40: =COUNTIFS('Student Report'!$C$6:$C$155,Settings!$Z$1,'Student Report'!$AL$6:$AL$155,"NEAR CUT")
A42: Read the growth summary in this order: (1) effect size for the class, (2) percent meeting the growth target, (3) students with reliable change. A student below the reliable-change threshold has not demonstrated individually measurable growth — say so plainly rather than reporting the raw gain as if it were.

Sheet Item Analysis
A1: Item Analysis — difficulty, discrimination, and reliability
A2: p-value = mean score / maximum points. Discrimination is the correlation between the item score and the student's total. An item with discrimination below 0.20 is not distinguishing stronger from weaker readers and should be reviewed before the next administration.
A5: Item | B5: Max | C5: Category | D5: Standard | E5: Expectation | F5: DOK | G5: Trait | H5: Pre mean | I5: Pre p-value | J5: Post mean | K5: Post p-value | L5: Change in p | M5: Discrimination (pre) | N5: Flag | P5: Item variance (helper)
A6: Q1 | B6: 1 | C6: I-TEC | D6: 7.T.T.1 | E6: 7.T.T.1.a | F6: 2 | H6: =IFERROR(AVERAGE('Pre-Test Entry'!$C$6:$C$155),"") | I6: =IFERROR(H6/$B6,"") | J6: =IFERROR(AVERAGE('Post-Test Entry'!$C$6:$C$155),"") | K6: =IFERROR(J6/$B6,"") | L6: =IFERROR(K6-I6,"") | M6: =IFERROR(CORREL('Pre-Test Entry'!$C$6:$C$155,'Pre-Test Entry'!$AS$6:$AS$155),"") | N6: =IF(I6="","",IF(I6<0.25,"Very difficult — check key and instruction",IF(I6>0.9,"Very easy — little information",IF(AND(M6<>"",M6<0.2),"LOW DISCRIMINATION — review item","OK")))) | P6: =IFERROR(VARP('Pre-Test Entry'!$C$6:$C$155),0)
A7: Q2 | B7: 2 | C7: I-TEC | D7: 7.T.T.1 | E7: 7.T.T.1.b | F7: 3 | H7: =IFERROR(AVERAGE('Pre-Test Entry'!$D$6:$D$155),"") | I7: =IFERROR(H7/$B7,"") | J7: =IFERROR(AVERAGE('Post-Test Entry'!$D$6:$D$155),"") | K7: =IFERROR(J7/$B7,"") | L7: =IFERROR(K7-I7,"") | M7: =IFERROR(CORREL('Pre-Test Entry'!$D$6:$D$155,'Pre-Test Entry'!$AS$6:$AS$155),"") | N7: =IF(I7="","",IF(I7<0.25,"Very difficult — check key and instruction",IF(I7>0.9,"Very easy — little information",IF(AND(M7<>"",M7<0.2),"LOW DISCRIMINATION — review item","OK")))) | P7: =IFERROR(VARP('Pre-Test Entry'!$D$6:$D$155),0)
A8: Q3 | B8: 1 | C8: I-LNG | D8: 7.L.V.3 | E8: 7.L.V.3.b | F8: 2 | H8: =IFERROR(AVERAGE('Pre-Test Entry'!$E$6:$E$155),"") | I8: =IFERROR(H8/$B8,"") | J8: =IFERROR(AVERAGE('Post-Test Entry'!$E$6:$E$155),"") | K8: =IFERROR(J8/$B8,"") | L8: =IFERROR(K8-I8,"") | M8: =IFERROR(CORREL('Pre-Test Entry'!$E$6:$E$155,'Pre-Test Entry'!$AS$6:$AS$155),"") | N8: =IF(I8="","",IF(I8<0.25,"Very difficult — check key and instruction",IF(I8>0.9,"Very easy — little information",IF(AND(M8<>"",M8<0.2),"LOW DISCRIMINATION — review item","OK")))) | P8: =IFERROR(VARP('Pre-Test Entry'!$E$6:$E$155),0)
A9: Q4 | B9: 1 | C9: I-CSS | D9: 7.T.SS.2 | E9: 7.T.SS.2.a | F9: 2 | H9: =IFERROR(AVERAGE('Pre-Test Entry'!$F$6:$F$155),"") | I9: =IFERROR(H9/$B9,"") | J9: =IFERROR(AVERAGE('Post-Test Entry'!$F$6:$F$155),"") | K9: =IFERROR(J9/$B9,"") | L9: =IFERROR(K9-I9,"") | M9: =IFERROR(CORREL('Pre-Test Entry'!$F$6:$F$155,'Pre-Test Entry'!$AS$6:$AS$155),"") | N9: =IF(I9="","",IF(I9<0.25,"Very difficult — check key and instruction",IF(I9>0.9,"Very easy — little information",IF(AND(M9<>"",M9<0.2),"LOW DISCRIMINATION — review item","OK")))) | P9: =IFERROR(VARP('Pre-Test Entry'!$F$6:$F$155),0)
A10: Q5 | B10: 1 | C10: I-TEC | D10: 7.T.T.1 | E10: 7.T.T.1.c | F10: 2 | H10: =IFERROR(AVERAGE('Pre-Test Entry'!$G$6:$G$155),"") | I10: =IFERROR(H10/$B10,"") | J10: =IFERROR(AVERAGE('Post-Test Entry'!$G$6:$G$155),"") | K10: =IFERROR(J10/$B10,"") | L10: =IFERROR(K10-I10,"") | M10: =IFERROR(CORREL('Pre-Test Entry'!$G$6:$G$155,'Pre-Test Entry'!$AS$6:$AS$155),"") | N10: =IF(I10="","",IF(I10<0.25,"Very difficult — check key and instruction",IF(I10>0.9,"Very easy — little information",IF(AND(M10<>"",M10<0.2),"LOW DISCRIMINATION — review item","OK")))) | P10: =IFERROR(VARP('Pre-Test Entry'!$G$6:$G$155),0)
A11: Q6 | B11: 1 | C11: I-TEC | D11: 7.T.T.4 | E11: 7.T.T.4.a | F11: 1 | H11: =IFERROR(AVERAGE('Pre-Test Entry'!$H$6:$H$155),"") | I11: =IFERROR(H11/$B11,"") | J11: =IFERROR(AVERAGE('Post-Test Entry'!$H$6:$H$155),"") | K11: =IFERROR(J11/$B11,"") | L11: =IFERROR(K11-I11,"") | M11: =IFERROR(CORREL('Pre-Test Entry'!$H$6:$H$155,'Pre-Test Entry'!$AS$6:$AS$155),"") | N11: =IF(I11="","",IF(I11<0.25,"Very difficult — check key and instruction",IF(I11>0.9,"Very easy — little information",IF(AND(M11<>"",M11<0.2),"LOW DISCRIMINATION — review item","OK")))) | P11: =IFERROR(VARP('Pre-Test Entry'!$H$6:$H$155),0)
A12: Q7 | B12: 2 | C12: I-TEC | D12: 7.T.T.4 | E12: 7.T.T.4.a | F12: 3 | H12: =IFERROR(AVERAGE('Pre-Test Entry'!$I$6:$I$155),"") | I12: =IFERROR(H12/$B12,"") | J12: =IFERROR(AVERAGE('Post-Test Entry'!$I$6:$I$155),"") | K12: =IFERROR(J12/$B12,"") | L12: =IFERROR(K12-I12,"") | M12: =IFERROR(CORREL('Pre-Test Entry'!$I$6:$I$155,'Pre-Test Entry'!$AS$6:$AS$155),"") | N12: =IF(I12="","",IF(I12<0.25,"Very difficult — check key and instruction",IF(I12>0.9,"Very easy — little information",IF(AND(M12<>"",M12<0.2),"LOW DISCRIMINATION — review item","OK")))) | P12: =IFERROR(VARP('Pre-Test Entry'!$I$6:$I$155),0)
A13: Q8 | B13: 2 | C13: I-TEC | D13: 7.T.T.1 | E13: 7.T.T.1.c | F13: 3 | H13: =IFERROR(AVERAGE('Pre-Test Entry'!$J$6:$J$155),"") | I13: =IFERROR(H13/$B13,"") | J13: =IFERROR(AVERAGE('Post-Test Entry'!$J$6:$J$155),"") | K13: =IFERROR(J13/$B13,"") | L13: =IFERROR(K13-I13,"") | M13: =IFERROR(CORREL('Pre-Test Entry'!$J$6:$J$155,'Pre-Test Entry'!$AS$6:$AS$155),"") | N13: =IF(I13="","",IF(I13<0.25,"Very difficult — check key and instruction",IF(I13>0.9,"Very easy — little information",IF(AND(M13<>"",M13<0.2),"LOW DISCRIMINATION — review item","OK")))) | P13: =IFERROR(VARP('Pre-Test Entry'!$J$6:$J$155),0)
A14: Q9 | B14: 1 | C14: I-PRA | D14: 7.T.PM.1 | E14: 7.T.PM.1.a | F14: 2 | H14: =IFERROR(AVERAGE('Pre-Test Entry'!$K$6:$K$155),"") | I14: =IFERROR(H14/$B14,"") | J14: =IFERROR(AVERAGE('Post-Test Entry'!$K$6:$K$155),"") | K14: =IFERROR(J14/$B14,"") | L14: =IFERROR(K14-I14,"") | M14: =IFERROR(CORREL('Pre-Test Entry'!$K$6:$K$155,'Pre-Test Entry'!$AS$6:$AS$155),"") | N14: =IF(I14="","",IF(I14<0.25,"Very difficult — check key and instruction",IF(I14>0.9,"Very easy — little information",IF(AND(M14<>"",M14<0.2),"LOW DISCRIMINATION — review item","OK")))) | P14: =IFERROR(VARP('Pre-Test Entry'!$K$6:$K$155),0)
A15: Q10 | B15: 2 | C15: I-PRA | D15: 7.T.T.1 | E15: 7.T.T.1.d/7.T.PM.1.a | F15: 3 | H15: =IFERROR(AVERAGE('Pre-Test Entry'!$L$6:$L$155),"") | I15: =IFERROR(H15/$B15,"") | J15: =IFERROR(AVERAGE('Post-Test Entry'!$L$6:$L$155),"") | K15: =IFERROR(J15/$B15,"") | L15: =IFERROR(K15-I15,"") | M15: =IFERROR(CORREL('Pre-Test Entry'!$L$6:$L$155,'Pre-Test Entry'!$AS$6:$AS$155),"") | N15: =IF(I15="","",IF(I15<0.25,"Very difficult — check key and instruction",IF(I15>0.9,"Very easy — little information",IF(AND(M15<>"",M15<0.2),"LOW DISCRIMINATION — review item","OK")))) | P15: =IFERROR(VARP('Pre-Test Entry'!$L$6:$L$155),0)
A16: Q11 | B16: 1 | C16: I-CSS | D16: 7.T.SS.1 | E16: 7.T.SS.1.a | F16: 2 | H16: =IFERROR(AVERAGE('Pre-Test Entry'!$M$6:$M$155),"") | I16: =IFERROR(H16/$B16,"") | J16: =IFERROR(AVERAGE('Post-Test Entry'!$M$6:$M$155),"") | K16: =IFERROR(J16/$B16,"") | L16: =IFERROR(K16-I16,"") | M16: =IFERROR(CORREL('Pre-Test Entry'!$M$6:$M$155,'Pre-Test Entry'!$AS$6:$AS$155),"") | N16: =IF(I16="","",IF(I16<0.25,"Very difficult — check key and instruction",IF(I16>0.9,"Very easy — little information",IF(AND(M16<>"",M16<0.2),"LOW DISCRIMINATION — review item","OK")))) | P16: =IFERROR(VARP('Pre-Test Entry'!$M$6:$M$155),0)
A17: Q12 | B17: 1 | C17: I-TEC | D17: 7.T.T.2 | E17: 7.T.T.2.a | F17: 2 | H17: =IFERROR(AVERAGE('Pre-Test Entry'!$N$6:$N$155),"") | I17: =IFERROR(H17/$B17,"") | J17: =IFERROR(AVERAGE('Post-Test Entry'!$N$6:$N$155),"") | K17: =IFERROR(J17/$B17,"") | L17: =IFERROR(K17-I17,"") | M17: =IFERROR(CORREL('Pre-Test Entry'!$N$6:$N$155,'Pre-Test Entry'!$AS$6:$AS$155),"") | N17: =IF(I17="","",IF(I17<0.25,"Very difficult — check key and instruction",IF(I17>0.9,"Very easy — little information",IF(AND(M17<>"",M17<0.2),"LOW DISCRIMINATION — review item","OK")))) | P17: =IFERROR(VARP('Pre-Test Entry'!$N$6:$N$155),0)
A18: Q13 | B18: 1 | C18: I-TEC | D18: 7.T.T.2 | E18: 7.T.T.2.a | F18: 2 | H18: =IFERROR(AVERAGE('Pre-Test Entry'!$O$6:$O$155),"") | I18: =IFERROR(H18/$B18,"") | J18: =IFERROR(AVERAGE('Post-Test Entry'!$O$6:$O$155),"") | K18: =IFERROR(J18/$B18,"") | L18: =IFERROR(K18-I18,"") | M18: =IFERROR(CORREL('Pre-Test Entry'!$O$6:$O$155,'Pre-Test Entry'!$AS$6:$AS$155),"") | N18: =IF(I18="","",IF(I18<0.25,"Very difficult — check key and instruction",IF(I18>0.9,"Very easy — little information",IF(AND(M18<>"",M18<0.2),"LOW DISCRIMINATION — review item","OK")))) | P18: =IFERROR(VARP('Pre-Test Entry'!$O$6:$O$155),0)
A19: Q14 | B19: 1 | C19: I-LNG | D19: 7.L.V.2 | E19: 7.L.V.2.a | F19: 1 | H19: =IFERROR(AVERAGE('Pre-Test Entry'!$P$6:$P$155),"") | I19: =IFERROR(H19/$B19,"") | J19: =IFERROR(AVERAGE('Post-Test Entry'!$P$6:$P$155),"") | K19: =IFERROR(J19/$B19,"") | L19: =IFERROR(K19-I19,"") | M19: =IFERROR(CORREL('Pre-Test Entry'!$P$6:$P$155,'Pre-Test Entry'!$AS$6:$AS$155),"") | N19: =IF(I19="","",IF(I19<0.25,"Very difficult — check key and instruction",IF(I19>0.9,"Very easy — little information",IF(AND(M19<>"",M19<0.2),"LOW DISCRIMINATION — review item","OK")))) | P19: =IFERROR(VARP('Pre-Test Entry'!$P$6:$P$155),0)
A20: Q15 | B20: 1 | C20: I-LNG | D20: 7.L.V.2 | E20: 7.L.V.2.b | F20: 2 | H20: =IFERROR(AVERAGE('Pre-Test Entry'!$Q$6:$Q$155),"") | I20: =IFERROR(H20/$B20,"") | J20: =IFERROR(AVERAGE('Post-Test Entry'!$Q$6:$Q$155),"") | K20: =IFERROR(J20/$B20,"") | L20: =IFERROR(K20-I20,"") | M20: =IFERROR(CORREL('Pre-Test Entry'!$Q$6:$Q$155,'Pre-Test Entry'!$AS$6:$AS$155),"") | N20: =IF(I20="","",IF(I20<0.25,"Very difficult — check key and instruction",IF(I20>0.9,"Very easy — little information",IF(AND(M20<>"",M20<0.2),"LOW DISCRIMINATION — review item","OK")))) | P20: =IFERROR(VARP('Pre-Test Entry'!$Q$6:$Q$155),0)
A21: Q16 | B21: 2 | C21: I-CSS | D21: 7.T.C.1 | E21: 7.T.C.1.a | F21: 3 | H21: =IFERROR(AVERAGE('Pre-Test Entry'!$R$6:$R$155),"") | I21: =IFERROR(H21/$B21,"") | J21: =IFERROR(AVERAGE('Post-Test Entry'!$R$6:$R$155),"") | K21: =IFERROR(J21/$B21,"") | L21: =IFERROR(K21-I21,"") | M21: =IFERROR(CORREL('Pre-Test Entry'!$R$6:$R$155,'Pre-Test Entry'!$AS$6:$AS$155),"") | N21: =IF(I21="","",IF(I21<0.25,"Very difficult — check key and instruction",IF(I21>0.9,"Very easy — little information",IF(AND(M21<>"",M21<0.2),"LOW DISCRIMINATION — review item","OK")))) | P21: =IFERROR(VARP('Pre-Test Entry'!$R$6:$R$155),0)
A22: Q17 | B22: 1 | C22: I-TEC | D22: 7.T.T.3 | E22: 7.T.T.3.a | F22: 2 | H22: =IFERROR(AVERAGE('Pre-Test Entry'!$S$6:$S$155),"") | I22: =IFERROR(H22/$B22,"") | J22: =IFERROR(AVERAGE('Post-Test Entry'!$S$6:$S$155),"") | K22: =IFERROR(J22/$B22,"") | L22: =IFERROR(K22-I22,"") | M22: =IFERROR(CORREL('Pre-Test Entry'!$S$6:$S$155,'Pre-Test Entry'!$AS$6:$AS$155),"") | N22: =IF(I22="","",IF(I22<0.25,"Very difficult — check key and instruction",IF(I22>0.9,"Very easy — little information",IF(AND(M22<>"",M22<0.2),"LOW DISCRIMINATION — review item","OK")))) | P22: =IFERROR(VARP('Pre-Test Entry'!$S$6:$S$155),0)
A23: Q18 | B23: 2 | C23: I-TEC | D23: 7.T.T.3 | E23: 7.T.T.3.a | F23: 3 | H23: =IFERROR(AVERAGE('Pre-Test Entry'!$T$6:$T$155),"") | I23: =IFERROR(H23/$B23,"") | J23: =IFERROR(AVERAGE('Post-Test Entry'!$T$6:$T$155),"") | K23: =IFERROR(J23/$B23,"") | L23: =IFERROR(K23-I23,"") | M23: =IFERROR(CORREL('Pre-Test Entry'!$T$6:$T$155,'Pre-Test Entry'!$AS$6:$AS$155),"") | N23: =IF(I23="","",IF(I23<0.25,"Very difficult — check key and instruction",IF(I23>0.9,"Very easy — little information",IF(AND(M23<>"",M23<0.2),"LOW DISCRIMINATION — review item","OK")))) | P23: =IFERROR(VARP('Pre-Test Entry'!$T$6:$T$155),0)
A24: Q19 | B24: 1 | C24: I-LNG | D24: 7.L.V.3 | E24: 7.L.V.3.c | F24: 2 | H24: =IFERROR(AVERAGE('Pre-Test Entry'!$U$6:$U$155),"") | I24: =IFERROR(H24/$B24,"") | J24: =IFERROR(AVERAGE('Post-Test Entry'!$U$6:$U$155),"") | K24: =IFERROR(J24/$B24,"") | L24: =IFERROR(K24-I24,"") | M24: =IFERROR(CORREL('Pre-Test Entry'!$U$6:$U$155,'Pre-Test Entry'!$AS$6:$AS$155),"") | N24: =IF(I24="","",IF(I24<0.25,"Very difficult — check key and instruction",IF(I24>0.9,"Very easy — little information",IF(AND(M24<>"",M24<0.2),"LOW DISCRIMINATION — review item","OK")))) | P24: =IFERROR(VARP('Pre-Test Entry'!$U$6:$U$155),0)
A25: Q20 | B25: 2 | C25: I-CSS | D25: 7.T.C.2 | E25: 7.T.C.2.a/b | F25: 3 | H25: =IFERROR(AVERAGE('Pre-Test Entry'!$V$6:$V$155),"") | I25: =IFERROR(H25/$B25,"") | J25: =IFERROR(AVERAGE('Post-Test Entry'!$V$6:$V$155),"") | K25: =IFERROR(J25/$B25,"") | L25: =IFERROR(K25-I25,"") | M25: =IFERROR(CORREL('Pre-Test Entry'!$V$6:$V$155,'Pre-Test Entry'!$AS$6:$AS$155),"") | N25: =IF(I25="","",IF(I25<0.25,"Very difficult — check key and instruction",IF(I25>0.9,"Very easy — little information",IF(AND(M25<>"",M25<0.2),"LOW DISCRIMINATION — review item","OK")))) | P25: =IFERROR(VARP('Pre-Test Entry'!$V$6:$V$155),0)
A26: Q21 | B26: 2 | C26: I-LNG | D26: 7.L.GC.2 | E26: 7.L.GC.2.a | F26: 2 | H26: =IFERROR(AVERAGE('Pre-Test Entry'!$W$6:$W$155),"") | I26: =IFERROR(H26/$B26,"") | J26: =IFERROR(AVERAGE('Post-Test Entry'!$W$6:$W$155),"") | K26: =IFERROR(J26/$B26,"") | L26: =IFERROR(K26-I26,"") | M26: =IFERROR(CORREL('Pre-Test Entry'!$W$6:$W$155,'Pre-Test Entry'!$AS$6:$AS$155),"") | N26: =IF(I26="","",IF(I26<0.25,"Very difficult — check key and instruction",IF(I26>0.9,"Very easy — little information",IF(AND(M26<>"",M26<0.2),"LOW DISCRIMINATION — review item","OK")))) | P26: =IFERROR(VARP('Pre-Test Entry'!$W$6:$W$155),0)
A27: Q22 | B27: 2 | C27: I-TEC | D27: 7.T.T.2 | E27: 7.T.T.2.b | F27: 3 | H27: =IFERROR(AVERAGE('Pre-Test Entry'!$X$6:$X$155),"") | I27: =IFERROR(H27/$B27,"") | J27: =IFERROR(AVERAGE('Post-Test Entry'!$X$6:$X$155),"") | K27: =IFERROR(J27/$B27,"") | L27: =IFERROR(K27-I27,"") | M27: =IFERROR(CORREL('Pre-Test Entry'!$X$6:$X$155,'Pre-Test Entry'!$AS$6:$AS$155),"") | N27: =IF(I27="","",IF(I27<0.25,"Very difficult — check key and instruction",IF(I27>0.9,"Very easy — little information",IF(AND(M27<>"",M27<0.2),"LOW DISCRIMINATION — review item","OK")))) | P27: =IFERROR(VARP('Pre-Test Entry'!$X$6:$X$155),0)
A28: Q23 | B28: 1 | C28: I-PRA | D28: 7.T.RA.2 | E28: 7.T.RA.2.b | F28: 2 | H28: =IFERROR(AVERAGE('Pre-Test Entry'!$Y$6:$Y$155),"") | I28: =IFERROR(H28/$B28,"") | J28: =IFERROR(AVERAGE('Post-Test Entry'!$Y$6:$Y$155),"") | K28: =IFERROR(J28/$B28,"") | L28: =IFERROR(K28-I28,"") | M28: =IFERROR(CORREL('Pre-Test Entry'!$Y$6:$Y$155,'Pre-Test Entry'!$AS$6:$AS$155),"") | N28: =IF(I28="","",IF(I28<0.25,"Very difficult — check key and instruction",IF(I28>0.9,"Very easy — little information",IF(AND(M28<>"",M28<0.2),"LOW DISCRIMINATION — review item","OK")))) | P28: =IFERROR(VARP('Pre-Test Entry'!$Y$6:$Y$155),0)
A29: Q24 | B29: 2 | C29: I-PRA | D29: 7.T.RA.2 | E29: 7.T.RA.2.a | F29: 2 | H29: =IFERROR(AVERAGE('Pre-Test Entry'!$Z$6:$Z$155),"") | I29: =IFERROR(H29/$B29,"") | J29: =IFERROR(AVERAGE('Post-Test Entry'!$Z$6:$Z$155),"") | K29: =IFERROR(J29/$B29,"") | L29: =IFERROR(K29-I29,"") | M29: =IFERROR(CORREL('Pre-Test Entry'!$Z$6:$Z$155,'Pre-Test Entry'!$AS$6:$AS$155),"") | N29: =IF(I29="","",IF(I29<0.25,"Very difficult — check key and instruction",IF(I29>0.9,"Very easy — little information",IF(AND(M29<>"",M29<0.2),"LOW DISCRIMINATION — review item","OK")))) | P29: =IFERROR(VARP('Pre-Test Entry'!$Z$6:$Z$155),0)
A30: Q25 | B30: 1 | C30: C-CSS | D30: 7.T.SS.1 | E30: 7.T.SS.1.d | F30: 2 | G30: 1 | H30: =IFERROR(AVERAGE('Pre-Test Entry'!$AA$6:$AA$155),"") | I30: =IFERROR(H30/$B30,"") | J30: =IFERROR(AVERAGE('Post-Test Entry'!$AA$6:$AA$155),"") | K30: =IFERROR(J30/$B30,"") | L30: =IFERROR(K30-I30,"") | M30: =IFERROR(CORREL('Pre-Test Entry'!$AA$6:$AA$155,'Pre-Test Entry'!$AS$6:$AS$155),"") | N30: =IF(I30="","",IF(I30<0.25,"Very difficult — check key and instruction",IF(I30>0.9,"Very easy — little information",IF(AND(M30<>"",M30<0.2),"LOW DISCRIMINATION — review item","OK")))) | P30: =IFERROR(VARP('Pre-Test Entry'!$AA$6:$AA$155),0)
A31: Q26 | B31: 1 | C31: C-TEC | D31: 7.T.T.3 | E31: 7.T.T.3.c | F31: 2 | G31: 2 | H31: =IFERROR(AVERAGE('Pre-Test Entry'!$AB$6:$AB$155),"") | I31: =IFERROR(H31/$B31,"") | J31: =IFERROR(AVERAGE('Post-Test Entry'!$AB$6:$AB$155),"") | K31: =IFERROR(J31/$B31,"") | L31: =IFERROR(K31-I31,"") | M31: =IFERROR(CORREL('Pre-Test Entry'!$AB$6:$AB$155,'Pre-Test Entry'!$AS$6:$AS$155),"") | N31: =IF(I31="","",IF(I31<0.25,"Very difficult — check key and instruction",IF(I31>0.9,"Very easy — little information",IF(AND(M31<>"",M31<0.2),"LOW DISCRIMINATION — review item","OK")))) | P31: =IFERROR(VARP('Pre-Test Entry'!$AB$6:$AB$155),0)
A32: Q27 | B32: 2 | C32: C-TEC | D32: 7.T.T.3 | E32: 7.T.T.3.c/7.T.RA.2.c | F32: 3 | G32: 2 | H32: =IFERROR(AVERAGE('Pre-Test Entry'!$AC$6:$AC$155),"") | I32: =IFERROR(H32/$B32,"") | J32: =IFERROR(AVERAGE('Post-Test Entry'!$AC$6:$AC$155),"") | K32: =IFERROR(J32/$B32,"") | L32: =IFERROR(K32-I32,"") | M32: =IFERROR(CORREL('Pre-Test Entry'!$AC$6:$AC$155,'Pre-Test Entry'!$AS$6:$AS$155),"") | N32: =IF(I32="","",IF(I32<0.25,"Very difficult — check key and instruction",IF(I32>0.9,"Very easy — little information",IF(AND(M32<>"",M32<0.2),"LOW DISCRIMINATION — review item","OK")))) | P32: =IFERROR(VARP('Pre-Test Entry'!$AC$6:$AC$155),0)
A33: Q28 | B33: 2 | C33: C-TEC | D33: 7.T.T.2 | E33: 7.T.T.2.d | F33: 2 | G33: 2 | H33: =IFERROR(AVERAGE('Pre-Test Entry'!$AD$6:$AD$155),"") | I33: =IFERROR(H33/$B33,"") | J33: =IFERROR(AVERAGE('Post-Test Entry'!$AD$6:$AD$155),"") | K33: =IFERROR(J33/$B33,"") | L33: =IFERROR(K33-I33,"") | M33: =IFERROR(CORREL('Pre-Test Entry'!$AD$6:$AD$155,'Pre-Test Entry'!$AS$6:$AS$155),"") | N33: =IF(I33="","",IF(I33<0.25,"Very difficult — check key and instruction",IF(I33>0.9,"Very easy — little information",IF(AND(M33<>"",M33<0.2),"LOW DISCRIMINATION — review item","OK")))) | P33: =IFERROR(VARP('Pre-Test Entry'!$AD$6:$AD$155),0)
A34: Q29 | B34: 1 | C34: C-TEC | D34: 7.T.T.3 | E34: 7.T.T.3.c | F34: 2 | G34: 2 | H34: =IFERROR(AVERAGE('Pre-Test Entry'!$AE$6:$AE$155),"") | I34: =IFERROR(H34/$B34,"") | J34: =IFERROR(AVERAGE('Post-Test Entry'!$AE$6:$AE$155),"") | K34: =IFERROR(J34/$B34,"") | L34: =IFERROR(K34-I34,"") | M34: =IFERROR(CORREL('Pre-Test Entry'!$AE$6:$AE$155,'Pre-Test Entry'!$AS$6:$AS$155),"") | N34: =IF(I34="","",IF(I34<0.25,"Very difficult — check key and instruction",IF(I34>0.9,"Very easy — little information",IF(AND(M34<>"",M34<0.2),"LOW DISCRIMINATION — review item","OK")))) | P34: =IFERROR(VARP('Pre-Test Entry'!$AE$6:$AE$155),0)
A35: Q30 | B35: 2 | C35: C-CSS | D35: 7.T.SS.1 | E35: 7.T.SS.1.c | F35: 3 | G35: 1 | H35: =IFERROR(AVERAGE('Pre-Test Entry'!$AF$6:$AF$155),"") | I35: =IFERROR(H35/$B35,"") | J35: =IFERROR(AVERAGE('Post-Test Entry'!$AF$6:$AF$155),"") | K35: =IFERROR(J35/$B35,"") | L35: =IFERROR(K35-I35,"") | M35: =IFERROR(CORREL('Pre-Test Entry'!$AF$6:$AF$155,'Pre-Test Entry'!$AS$6:$AS$155),"") | N35: =IF(I35="","",IF(I35<0.25,"Very difficult — check key and instruction",IF(I35>0.9,"Very easy — little information",IF(AND(M35<>"",M35<0.2),"LOW DISCRIMINATION — review item","OK")))) | P35: =IFERROR(VARP('Pre-Test Entry'!$AF$6:$AF$155),0)
A36: Q31 | B36: 1 | C36: C-CSS | D36: 7.T.SS.2 | E36: 7.T.SS.2.c | F36: 2 | G36: 1 | H36: =IFERROR(AVERAGE('Pre-Test Entry'!$AG$6:$AG$155),"") | I36: =IFERROR(H36/$B36,"") | J36: =IFERROR(AVERAGE('Post-Test Entry'!$AG$6:$AG$155),"") | K36: =IFERROR(J36/$B36,"") | L36: =IFERROR(K36-I36,"") | M36: =IFERROR(CORREL('Pre-Test Entry'!$AG$6:$AG$155,'Pre-Test Entry'!$AS$6:$AS$155),"") | N36: =IF(I36="","",IF(I36<0.25,"Very difficult — check key and instruction",IF(I36>0.9,"Very easy — little information",IF(AND(M36<>"",M36<0.2),"LOW DISCRIMINATION — review item","OK")))) | P36: =IFERROR(VARP('Pre-Test Entry'!$AG$6:$AG$155),0)
A37: Q32 | B37: 1 | C37: C-LNG | D37: 7.L.GC.2 | E37: 7.L.GC.2.b | F37: 2 | G37: 3 | H37: =IFERROR(AVERAGE('Pre-Test Entry'!$AH$6:$AH$155),"") | I37: =IFERROR(H37/$B37,"") | J37: =IFERROR(AVERAGE('Post-Test Entry'!$AH$6:$AH$155),"") | K37: =IFERROR(J37/$B37,"") | L37: =IFERROR(K37-I37,"") | M37: =IFERROR(CORREL('Pre-Test Entry'!$AH$6:$AH$155,'Pre-Test Entry'!$AS$6:$AS$155),"") | N37: =IF(I37="","",IF(I37<0.25,"Very difficult — check key and instruction",IF(I37>0.9,"Very easy — little information",IF(AND(M37<>"",M37<0.2),"LOW DISCRIMINATION — review item","OK")))) | P37: =IFERROR(VARP('Pre-Test Entry'!$AH$6:$AH$155),0)
A38: Q33 | B38: 2 | C38: C-LNG | D38: 7.L.GC.2 | E38: 7.L.GC.2.c | F38: 2 | G38: 3 | H38: =IFERROR(AVERAGE('Pre-Test Entry'!$AI$6:$AI$155),"") | I38: =IFERROR(H38/$B38,"") | J38: =IFERROR(AVERAGE('Post-Test Entry'!$AI$6:$AI$155),"") | K38: =IFERROR(J38/$B38,"") | L38: =IFERROR(K38-I38,"") | M38: =IFERROR(CORREL('Pre-Test Entry'!$AI$6:$AI$155,'Pre-Test Entry'!$AS$6:$AS$155),"") | N38: =IF(I38="","",IF(I38<0.25,"Very difficult — check key and instruction",IF(I38>0.9,"Very easy — little information",IF(AND(M38<>"",M38<0.2),"LOW DISCRIMINATION — review item","OK")))) | P38: =IFERROR(VARP('Pre-Test Entry'!$AI$6:$AI$155),0)
A39: Q34 | B39: 1 | C39: C-LNG | D39: 7.L.GC.2 | E39: 7.L.GC.2.d | F39: 2 | G39: 3 | H39: =IFERROR(AVERAGE('Pre-Test Entry'!$AJ$6:$AJ$155),"") | I39: =IFERROR(H39/$B39,"") | J39: =IFERROR(AVERAGE('Post-Test Entry'!$AJ$6:$AJ$155),"") | K39: =IFERROR(J39/$B39,"") | L39: =IFERROR(K39-I39,"") | M39: =IFERROR(CORREL('Pre-Test Entry'!$AJ$6:$AJ$155,'Pre-Test Entry'!$AS$6:$AS$155),"") | N39: =IF(I39="","",IF(I39<0.25,"Very difficult — check key and instruction",IF(I39>0.9,"Very easy — little information",IF(AND(M39<>"",M39<0.2),"LOW DISCRIMINATION — review item","OK")))) | P39: =IFERROR(VARP('Pre-Test Entry'!$AJ$6:$AJ$155),0)
A40: Q35 | B40: 1 | C40: C-LNG | D40: 7.L.GC.1 | E40: GUM (Master Gr 6) | F40: 1 | G40: 3 | H40: =IFERROR(AVERAGE('Pre-Test Entry'!$AK$6:$AK$155),"") | I40: =IFERROR(H40/$B40,"") | J40: =IFERROR(AVERAGE('Post-Test Entry'!$AK$6:$AK$155),"") | K40: =IFERROR(J40/$B40,"") | L40: =IFERROR(K40-I40,"") | M40: =IFERROR(CORREL('Pre-Test Entry'!$AK$6:$AK$155,'Pre-Test Entry'!$AS$6:$AS$155),"") | N40: =IF(I40="","",IF(I40<0.25,"Very difficult — check key and instruction",IF(I40>0.9,"Very easy — little information",IF(AND(M40<>"",M40<0.2),"LOW DISCRIMINATION — review item","OK")))) | P40: =IFERROR(VARP('Pre-Test Entry'!$AK$6:$AK$155),0)
A41: Q36 | B41: 1 | C41: C-LNG | D41: 7.L.V.2 | E41: 7.L.V.2.d | F41: 2 | G41: 3 | H41: =IFERROR(AVERAGE('Pre-Test Entry'!$AL$6:$AL$155),"") | I41: =IFERROR(H41/$B41,"") | J41: =IFERROR(AVERAGE('Post-Test Entry'!$AL$6:$AL$155),"") | K41: =IFERROR(J41/$B41,"") | L41: =IFERROR(K41-I41,"") | M41: =IFERROR(CORREL('Pre-Test Entry'!$AL$6:$AL$155,'Pre-Test Entry'!$AS$6:$AS$155),"") | N41: =IF(I41="","",IF(I41<0.25,"Very difficult — check key and instruction",IF(I41>0.9,"Very easy — little information",IF(AND(M41<>"",M41<0.2),"LOW DISCRIMINATION — review item","OK")))) | P41: =IFERROR(VARP('Pre-Test Entry'!$AL$6:$AL$155),0)
A42: Q37 | B42: 1 | C42: C-TEC | D42: 7.T.RA.2 | E42: 7.T.RA.2.c | F42: 2 | G42: 2 | H42: =IFERROR(AVERAGE('Pre-Test Entry'!$AM$6:$AM$155),"") | I42: =IFERROR(H42/$B42,"") | J42: =IFERROR(AVERAGE('Post-Test Entry'!$AM$6:$AM$155),"") | K42: =IFERROR(J42/$B42,"") | L42: =IFERROR(K42-I42,"") | M42: =IFERROR(CORREL('Pre-Test Entry'!$AM$6:$AM$155,'Pre-Test Entry'!$AS$6:$AS$155),"") | N42: =IF(I42="","",IF(I42<0.25,"Very difficult — check key and instruction",IF(I42>0.9,"Very easy — little information",IF(AND(M42<>"",M42<0.2),"LOW DISCRIMINATION — review item","OK")))) | P42: =IFERROR(VARP('Pre-Test Entry'!$AM$6:$AM$155),0)
A43: Q38 | B43: 1 | C43: C-CSS | D43: 7.T.SS.1 | E43: 7.T.SS.1.d | F43: 2 | G43: 1 | H43: =IFERROR(AVERAGE('Pre-Test Entry'!$AN$6:$AN$155),"") | I43: =IFERROR(H43/$B43,"") | J43: =IFERROR(AVERAGE('Post-Test Entry'!$AN$6:$AN$155),"") | K43: =IFERROR(J43/$B43,"") | L43: =IFERROR(K43-I43,"") | M43: =IFERROR(CORREL('Pre-Test Entry'!$AN$6:$AN$155,'Pre-Test Entry'!$AS$6:$AS$155),"") | N43: =IF(I43="","",IF(I43<0.25,"Very difficult — check key and instruction",IF(I43>0.9,"Very easy — little information",IF(AND(M43<>"",M43<0.2),"LOW DISCRIMINATION — review item","OK")))) | P43: =IFERROR(VARP('Pre-Test Entry'!$AN$6:$AN$155),0)
A44: Q39_T1 | B44: 3 | C44: C-CSS | D44: Essay Trait 1 | E44: Purpose & Organization | F44: 3 | G44: 1 | H44: =IFERROR(AVERAGE('Pre-Test Entry'!$AO$6:$AO$155),"") | I44: =IFERROR(H44/$B44,"") | J44: =IFERROR(AVERAGE('Post-Test Entry'!$AO$6:$AO$155),"") | K44: =IFERROR(J44/$B44,"") | L44: =IFERROR(K44-I44,"") | M44: =IFERROR(CORREL('Pre-Test Entry'!$AO$6:$AO$155,'Pre-Test Entry'!$AS$6:$AS$155),"") | N44: =IF(I44="","",IF(I44<0.25,"Very difficult — check key and instruction",IF(I44>0.9,"Very easy — little information",IF(AND(M44<>"",M44<0.2),"LOW DISCRIMINATION — review item","OK")))) | P44: =IFERROR(VARP('Pre-Test Entry'!$AO$6:$AO$155),0)
A45: Q39_T2 | B45: 3 | C45: C-TEC | D45: Essay Trait 2 | E45: Evidence & Elaboration | F45: 3 | G45: 2 | H45: =IFERROR(AVERAGE('Pre-Test Entry'!$AP$6:$AP$155),"") | I45: =IFERROR(H45/$B45,"") | J45: =IFERROR(AVERAGE('Post-Test Entry'!$AP$6:$AP$155),"") | K45: =IFERROR(J45/$B45,"") | L45: =IFERROR(K45-I45,"") | M45: =IFERROR(CORREL('Pre-Test Entry'!$AP$6:$AP$155,'Pre-Test Entry'!$AS$6:$AS$155),"") | N45: =IF(I45="","",IF(I45<0.25,"Very difficult — check key and instruction",IF(I45>0.9,"Very easy — little information",IF(AND(M45<>"",M45<0.2),"LOW DISCRIMINATION — review item","OK")))) | P45: =IFERROR(VARP('Pre-Test Entry'!$AP$6:$AP$155),0)
A46: Q39_T3 | B46: 2 | C46: C-LNG | D46: Essay Trait 3 | E46: Language Usage & Conventions | F46: 3 | G46: 3 | H46: =IFERROR(AVERAGE('Pre-Test Entry'!$AQ$6:$AQ$155),"") | I46: =IFERROR(H46/$B46,"") | J46: =IFERROR(AVERAGE('Post-Test Entry'!$AQ$6:$AQ$155),"") | K46: =IFERROR(J46/$B46,"") | L46: =IFERROR(K46-I46,"") | M46: =IFERROR(CORREL('Pre-Test Entry'!$AQ$6:$AQ$155,'Pre-Test Entry'!$AS$6:$AS$155),"") | N46: =IF(I46="","",IF(I46<0.25,"Very difficult — check key and instruction",IF(I46>0.9,"Very easy — little information",IF(AND(M46<>"",M46<0.2),"LOW DISCRIMINATION — review item","OK")))) | P46: =IFERROR(VARP('Pre-Test Entry'!$AQ$6:$AQ$155),0)
A49: Reliability (Cronbach's alpha)
A50: Number of items (k) | B50: =41
A51: Sum of item variances | B51: =IFERROR(SUM($P$6:$P$46),"")
A52: Variance of total scores | B52: =IFERROR(VARP('Pre-Test Entry'!$AS$6:$AS$155),"")
A53: Cronbach's alpha (pre-test) | B53: =IFERROR((41/(41-1))*(1-B51/B52),"")
A54: Expect alpha between 0.82 and 0.88 for a 41-item mixed-format instrument. Below 0.70, category-level reporting is not yet trustworthy for individual students — use it as a class signal only, and copy the computed alpha into Settings cell B16 so the growth statistics use your real value instead of the 0.85 default.

Sheet Intervention Groups
A1: Intervention Groups — mastery heat map and group assignments
A2: Column F is each student's PRIMARY instructional group; column G is a secondary group. Select the table and sort by column F to form your groups. Green = Mastered (80%+), amber = Approaching (60-79%), red = Not Yet (below 60%).
A4: Whole-class picture — how many students are 'Not Yet' in each category?
A5: Category | B5: Not Yet | C5: Approaching | D5: Mastered | E5: Recommendation
A6: I-CSS | B6: =COUNTIFS('Student Report'!$V$6:$V$155,"<"&Settings!$B$12,'Student Report'!$V$6:$V$155,">=0")+COUNTIFS('Student Report'!$V$6:$V$155,"",'Student Report'!$O$6:$O$155,"<"&Settings!$B$12,'Student Report'!$O$6:$O$155,">=0") | C6: =COUNTIFS('Student Report'!$V$6:$V$155,">="&Settings!$B$12,'Student Report'!$V$6:$V$155,"<"&Settings!$B$11)+COUNTIFS('Student Report'!$V$6:$V$155,"",'Student Report'!$O$6:$O$155,">="&Settings!$B$12,'Student Report'!$O$6:$O$155,"<"&Settings!$B$11) | D6: =COUNTIFS('Student Report'!$V$6:$V$155,">="&Settings!$B$11)+COUNTIFS('Student Report'!$V$6:$V$155,"",'Student Report'!$O$6:$O$155,">="&Settings!$B$11) | E6: =IFERROR(IF(B6+C6+D6=0,"",IF(B6/(B6+C6+D6)>=0.4,"WHOLE CLASS: "&Settings!$E$28,IF(B6=0,"Maintain through spiral review","SMALL GROUP ("&B6&" students): "&Settings!$E$28))),"")
A7: I-TEC | B7: =COUNTIFS('Student Report'!$W$6:$W$155,"<"&Settings!$B$12,'Student Report'!$W$6:$W$155,">=0")+COUNTIFS('Student Report'!$W$6:$W$155,"",'Student Report'!$P$6:$P$155,"<"&Settings!$B$12,'Student Report'!$P$6:$P$155,">=0") | C7: =COUNTIFS('Student Report'!$W$6:$W$155,">="&Settings!$B$12,'Student Report'!$W$6:$W$155,"<"&Settings!$B$11)+COUNTIFS('Student Report'!$W$6:$W$155,"",'Student Report'!$P$6:$P$155,">="&Settings!$B$12,'Student Report'!$P$6:$P$155,"<"&Settings!$B$11) | D7: =COUNTIFS('Student Report'!$W$6:$W$155,">="&Settings!$B$11)+COUNTIFS('Student Report'!$W$6:$W$155,"",'Student Report'!$P$6:$P$155,">="&Settings!$B$11) | E7: =IFERROR(IF(B7+C7+D7=0,"",IF(B7/(B7+C7+D7)>=0.4,"WHOLE CLASS: "&Settings!$E$29,IF(B7=0,"Maintain through spiral review","SMALL GROUP ("&B7&" students): "&Settings!$E$29))),"")
A8: I-PRA | B8: =COUNTIFS('Student Report'!$X$6:$X$155,"<"&Settings!$B$12,'Student Report'!$X$6:$X$155,">=0")+COUNTIFS('Student Report'!$X$6:$X$155,"",'Student Report'!$Q$6:$Q$155,"<"&Settings!$B$12,'Student Report'!$Q$6:$Q$155,">=0") | C8: =COUNTIFS('Student Report'!$X$6:$X$155,">="&Settings!$B$12,'Student Report'!$X$6:$X$155,"<"&Settings!$B$11)+COUNTIFS('Student Report'!$X$6:$X$155,"",'Student Report'!$Q$6:$Q$155,">="&Settings!$B$12,'Student Report'!$Q$6:$Q$155,"<"&Settings!$B$11) | D8: =COUNTIFS('Student Report'!$X$6:$X$155,">="&Settings!$B$11)+COUNTIFS('Student Report'!$X$6:$X$155,"",'Student Report'!$Q$6:$Q$155,">="&Settings!$B$11) | E8: =IFERROR(IF(B8+C8+D8=0,"",IF(B8/(B8+C8+D8)>=0.4,"WHOLE CLASS: "&Settings!$E$30,IF(B8=0,"Maintain through spiral review","SMALL GROUP ("&B8&" students): "&Settings!$E$30))),"")
A9: I-LNG | B9: =COUNTIFS('Student Report'!$Y$6:$Y$155,"<"&Settings!$B$12,'Student Report'!$Y$6:$Y$155,">=0")+COUNTIFS('Student Report'!$Y$6:$Y$155,"",'Student Report'!$R$6:$R$155,"<"&Settings!$B$12,'Student Report'!$R$6:$R$155,">=0") | C9: =COUNTIFS('Student Report'!$Y$6:$Y$155,">="&Settings!$B$12,'Student Report'!$Y$6:$Y$155,"<"&Settings!$B$11)+COUNTIFS('Student Report'!$Y$6:$Y$155,"",'Student Report'!$R$6:$R$155,">="&Settings!$B$12,'Student Report'!$R$6:$R$155,"<"&Settings!$B$11) | D9: =COUNTIFS('Student Report'!$Y$6:$Y$155,">="&Settings!$B$11)+COUNTIFS('Student Report'!$Y$6:$Y$155,"",'Student Report'!$R$6:$R$155,">="&Settings!$B$11) | E9: =IFERROR(IF(B9+C9+D9=0,"",IF(B9/(B9+C9+D9)>=0.4,"WHOLE CLASS: "&Settings!$E$31,IF(B9=0,"Maintain through spiral review","SMALL GROUP ("&B9&" students): "&Settings!$E$31))),"")
A10: C-CSS | B10: =COUNTIFS('Student Report'!$Z$6:$Z$155,"<"&Settings!$B$12,'Student Report'!$Z$6:$Z$155,">=0")+COUNTIFS('Student Report'!$Z$6:$Z$155,"",'Student Report'!$S$6:$S$155,"<"&Settings!$B$12,'Student Report'!$S$6:$S$155,">=0") | C10: =COUNTIFS('Student Report'!$Z$6:$Z$155,">="&Settings!$B$12,'Student Report'!$Z$6:$Z$155,"<"&Settings!$B$11)+COUNTIFS('Student Report'!$Z$6:$Z$155,"",'Student Report'!$S$6:$S$155,">="&Settings!$B$12,'Student Report'!$S$6:$S$155,"<"&Settings!$B$11) | D10: =COUNTIFS('Student Report'!$Z$6:$Z$155,">="&Settings!$B$11)+COUNTIFS('Student Report'!$Z$6:$Z$155,"",'Student Report'!$S$6:$S$155,">="&Settings!$B$11) | E10: =IFERROR(IF(B10+C10+D10=0,"",IF(B10/(B10+C10+D10)>=0.4,"WHOLE CLASS: "&Settings!$E$32,IF(B10=0,"Maintain through spiral review","SMALL GROUP ("&B10&" students): "&Settings!$E$32))),"")
A11: C-TEC | B11: =COUNTIFS('Student Report'!$AA$6:$AA$155,"<"&Settings!$B$12,'Student Report'!$AA$6:$AA$155,">=0")+COUNTIFS('Student Report'!$AA$6:$AA$155,"",'Student Report'!$T$6:$T$155,"<"&Settings!$B$12,'Student Report'!$T$6:$T$155,">=0") | C11: =COUNTIFS('Student Report'!$AA$6:$AA$155,">="&Settings!$B$12,'Student Report'!$AA$6:$AA$155,"<"&Settings!$B$11)+COUNTIFS('Student Report'!$AA$6:$AA$155,"",'Student Report'!$T$6:$T$155,">="&Settings!$B$12,'Student Report'!$T$6:$T$155,"<"&Settings!$B$11) | D11: =COUNTIFS('Student Report'!$AA$6:$AA$155,">="&Settings!$B$11)+COUNTIFS('Student Report'!$AA$6:$AA$155,"",'Student Report'!$T$6:$T$155,">="&Settings!$B$11) | E11: =IFERROR(IF(B11+C11+D11=0,"",IF(B11/(B11+C11+D11)>=0.4,"WHOLE CLASS: "&Settings!$E$33,IF(B11=0,"Maintain through spiral review","SMALL GROUP ("&B11&" students): "&Settings!$E$33))),"")
A12: C-LNG | B12: =COUNTIFS('Student Report'!$AB$6:$AB$155,"<"&Settings!$B$12,'Student Report'!$AB$6:$AB$155,">=0")+COUNTIFS('Student Report'!$AB$6:$AB$155,"",'Student Report'!$U$6:$U$155,"<"&Settings!$B$12,'Student Report'!$U$6:$U$155,">=0") | C12: =COUNTIFS('Student Report'!$AB$6:$AB$155,">="&Settings!$B$12,'Student Report'!$AB$6:$AB$155,"<"&Settings!$B$11)+COUNTIFS('Student Report'!$AB$6:$AB$155,"",'Student Report'!$U$6:$U$155,">="&Settings!$B$12,'Student Report'!$U$6:$U$155,"<"&Settings!$B$11) | D12: =COUNTIFS('Student Report'!$AB$6:$AB$155,">="&Settings!$B$11)+COUNTIFS('Student Report'!$AB$6:$AB$155,"",'Student Report'!$U$6:$U$155,">="&Settings!$B$11) | E12: =IFERROR(IF(B12+C12+D12=0,"",IF(B12/(B12+C12+D12)>=0.4,"WHOLE CLASS: "&Settings!$E$34,IF(B12=0,"Maintain through spiral review","SMALL GROUP ("&B12&" students): "&Settings!$E$34))),"")
A14: Student-level grouping — sort by column F
A15: Student ID | B15: Student Name | C15: Period | D15: Post total | E15: Achievement level | F15: PRIMARY GROUP | G15: Secondary group | H15: Not Yet count | I15: I-CSS | J15: I-TEC | K15: I-PRA | L15: I-LNG | M15: C-CSS | N15: C-TEC | O15: C-LNG
A16: ='Student Report'!$A6 | B16: ='Student Report'!$B6 | C16: ='Student Report'!$C6 | D16: ='Student Report'!$G6 | E16: ='Student Report'!$I6 | F16: ='Student Report'!$AJ6 | G16: ='Student Report'!$AK6 | H16: =IF($B16="","",COUNTIF(I16:O16,"Not Yet")) | I16: =IFERROR(IF('Student Report'!$V6<>"",IF('Student Report'!$V6>=Settings!$B$11,"Mastered",IF('Student Report'!$V6>=Settings!$B$12,"Approaching","Not Yet")),IF('Student Report'!$O6<>"",IF('Student Report'!$O6>=Settings!$B$11,"Mastered",IF('Student Report'!$O6>=Settings!$B$12,"Approaching","Not Yet")),"")),"") | J16: =IFERROR(IF('Student Report'!$W6<>"",IF('Student Report'!$W6>=Settings!$B$11,"Mastered",IF('Student Report'!$W6>=Settings!$B$12,"Approaching","Not Yet")),IF('Student Report'!$P6<>"",IF('Student Report'!$P6>=Settings!$B$11,"Mastered",IF('Student Report'!$P6>=Settings!$B$12,"Approaching","Not Yet")),"")),"") | K16: =IFERROR(IF('Student Report'!$X6<>"",IF('Student Report'!$X6>=Settings!$B$11,"Mastered",IF('Student Report'!$X6>=Settings!$B$12,"Approaching","Not Yet")),IF('Student Report'!$Q6<>"",IF('Student Report'!$Q6>=Settings!$B$11,"Mastered",IF('Student Report'!$Q6>=Settings!$B$12,"Approaching","Not Yet")),"")),"") | L16: =IFERROR(IF('Student Report'!$Y6<>"",IF('Student Report'!$Y6>=Settings!$B$11,"Mastered",IF('Student Report'!$Y6>=Settings!$B$12,"Approaching","Not Yet")),IF('Student Report'!$R6<>"",IF('Student Report'!$R6>=Settings!$B$11,"Mastered",IF('Student Report'!$R6>=Settings!$B$12,"Approaching","Not Yet")),"")),"") | M16: =IFERROR(IF('Student Report'!$Z6<>"",IF('Student Report'!$Z6>=Settings!$B$11,"Mastered",IF('Student Report'!$Z6>=Settings!$B$12,"Approaching","Not Yet")),IF('Student Report'!$S6<>"",IF('Student Report'!$S6>=Settings!$B$11,"Mastered",IF('Student Report'!$S6>=Settings!$B$12,"Approaching","Not Yet")),"")),"") | N16: =IFERROR(IF('Student Report'!$AA6<>"",IF('Student Report'!$AA6>=Settings!$B$11,"Mastered",IF('Student Report'!$AA6>=Settings!$B$12,"Approaching","Not Yet")),IF('Student Report'!$T6<>"",IF('Student Report'!$T6>=Settings!$B$11,"Mastered",IF('Student Report'!$T6>=Settings!$B$12,"Approaching","Not Yet")),"")),"") | O16: =IFERROR(IF('Student Report'!$AB6<>"",IF('Student Report'!$AB6>=Settings!$B$11,"Mastered",IF('Student Report'!$AB6>=Settings!$B$12,"Approaching","Not Yet")),IF('Student Report'!$U6<>"",IF('Student Report'!$U6>=Settings!$B$11,"Mastered",IF('Student Report'!$U6>=Settings!$B$12,"Approaching","Not Yet")),"")),"")
A17: ='Student Report'!$A7 | B17: ='Student Report'!$B7 | C17: ='Student Report'!$C7 | D17: ='Student Report'!$G7 | E17: ='Student Report'!$I7 | F17: ='Student Report'!$AJ7 | G17: ='Student Report'!$AK7 | H17: =IF($B17="","",COUNTIF(I17:O17,"Not Yet")) | I17: =IFERROR(IF('Student Report'!$V7<>"",IF('Student Report'!$V7>=Settings!$B$11,"Mastered",IF('Student Report'!$V7>=Settings!$B$12,"Approaching","Not Yet")),IF('Student Report'!$O7<>"",IF('Student Report'!$O7>=Settings!$B$11,"Mastered",IF('Student Report'!$O7>=Settings!$B$12,"Approaching","Not Yet")),"")),"") | J17: =IFERROR(IF('Student Report'!$W7<>"",IF('Student Report'!$W7>=Settings!$B$11,"Mastered",IF('Student Report'!$W7>=Settings!$B$12,"Approaching","Not Yet")),IF('Student Report'!$P7<>"",IF('Student Report'!$P7>=Settings!$B$11,"Mastered",IF('Student Report'!$P7>=Settings!$B$12,"Approaching","Not Yet")),"")),"") | K17: =IFERROR(IF('Student Report'!$X7<>"",IF('Student Report'!$X7>=Settings!$B$11,"Mastered",IF('Student Report'!$X7>=Settings!$B$12,"Approaching","Not Yet")),IF('Student Report'!$Q7<>"",IF('Student Report'!$Q7>=Settings!$B$11,"Mastered",IF('Student Report'!$Q7>=Settings!$B$12,"Approaching","Not Yet")),"")),"") | L17: =IFERROR(IF('Student Report'!$Y7<>"",IF('Student Report'!$Y7>=Settings!$B$11,"Mastered",IF('Student Report'!$Y7>=Settings!$B$12,"Approaching","Not Yet")),IF('Student Report'!$R7<>"",IF('Student Report'!$R7>=Settings!$B$11,"Mastered",IF('Student Report'!$R7>=Settings!$B$12,"Approaching","Not Yet")),"")),"") | M17: =IFERROR(IF('Student Report'!$Z7<>"",IF('Student Report'!$Z7>=Settings!$B$11,"Mastered",IF('Student Report'!$Z7>=Settings!$B$12,"Approaching","Not Yet")),IF('Student Report'!$S7<>"",IF('Student Report'!$S7>=Settings!$B$11,"Mastered",IF('Student Report'!$S7>=Settings!$B$12,"Approaching","Not Yet")),"")),"") | N17: =IFERROR(IF('Student Report'!$AA7<>"",IF('Student Report'!$AA7>=Settings!$B$11,"Mastered",IF('Student Report'!$AA7>=Settings!$B$12,"Approaching","Not Yet")),IF('Student Report'!$T7<>"",IF('Student Report'!$T7>=Settings!$B$11,"Mastered",IF('Student Report'!$T7>=Settings!$B$12,"Approaching","Not Yet")),"")),"") | O17: =IFERROR(IF('Student Report'!$AB7<>"",IF('Student Report'!$AB7>=Settings!$B$11,"Mastered",IF('Student Report'!$AB7>=Settings!$B$12,"Approaching","Not Yet")),IF('Student Report'!$U7<>"",IF('Student Report'!$U7>=Settings!$B$11,"Mastered",IF('Student Report'!$U7>=Settings!$B$12,"Approaching","Not Yet")),"")),"")
A18: ='Student Report'!$A8 | B18: ='Student Report'!$B8 | C18: ='Student Report'!$C8 | D18: ='Student Report'!$G8 | E18: ='Student Report'!$I8 | F18: ='Student Report'!$AJ8 | G18: ='Student Report'!$AK8 | H18: =IF($B18="","",COUNTIF(I18:O18,"Not Yet")) | I18: =IFERROR(IF('Student Report'!$V8<>"",IF('Student Report'!$V8>=Settings!$B$11,"Mastered",IF('Student Report'!$V8>=Settings!$B$12,"Approaching","Not Yet")),IF('Student Report'!$O8<>"",IF('Student Report'!$O8>=Settings!$B$11,"Mastered",IF('Student Report'!$O8>=Settings!$B$12,"Approaching","Not Yet")),"")),"") | J18: =IFERROR(IF('Student Report'!$W8<>"",IF('Student Report'!$W8>=Settings!$B$11,"Mastered",IF('Student Report'!$W8>=Settings!$B$12,"Approaching","Not Yet")),IF('Student Report'!$P8<>"",IF('Student Report'!$P8>=Settings!$B$11,"Mastered",IF('Student Report'!$P8>=Settings!$B$12,"Approaching","Not Yet")),"")),"") | K18: =IFERROR(IF('Student Report'!$X8<>"",IF('Student Report'!$X8>=Settings!$B$11,"Mastered",IF('Student Report'!$X8>=Settings!$B$12,"Approaching","Not Yet")),IF('Student Report'!$Q8<>"",IF('Student Report'!$Q8>=Settings!$B$11,"Mastered",IF('Student Report'!$Q8>=Settings!$B$12,"Approaching","Not Yet")),"")),"") | L18: =IFERROR(IF('Student Report'!$Y8<>"",IF('Student Report'!$Y8>=Settings!$B$11,"Mastered",IF('Student Report'!$Y8>=Settings!$B$12,"Approaching","Not Yet")),IF('Student Report'!$R8<>"",IF('Student Report'!$R8>=Settings!$B$11,"Mastered",IF('Student Report'!$R8>=Settings!$B$12,"Approaching","Not Yet")),"")),"") | M18: =IFERROR(IF('Student Report'!$Z8<>"",IF('Student Report'!$Z8>=Settings!$B$11,"Mastered",IF('Student Report'!$Z8>=Settings!$B$12,"Approaching","Not Yet")),IF('Student Report'!$S8<>"",IF('Student Report'!$S8>=Settings!$B$11,"Mastered",IF('Student Report'!$S8>=Settings!$B$12,"Approaching","Not Yet")),"")),"") | N18: =IFERROR(IF('Student Report'!$AA8<>"",IF('Student Report'!$AA8>=Settings!$B$11,"Mastered",IF('Student Report'!$AA8>=Settings!$B$12,"Approaching","Not Yet")),IF('Student Report'!$T8<>"",IF('Student Report'!$T8>=Settings!$B$11,"Mastered",IF('Student Report'!$T8>=Settings!$B$12,"Approaching","Not Yet")),"")),"") | O18: =IFERROR(IF('Student Report'!$AB8<>"",IF('Student Report'!$AB8>=Settings!$B$11,"Mastered",IF('Student Report'!$AB8>=Settings!$B$12,"Approaching","Not Yet")),IF('Student Report'!$U8<>"",IF('Student Report'!$U8>=Settings!$B$11,"Mastered",IF('Student Report'!$U8>=Settings!$B$12,"Approaching","Not Yet")),"")),"")
A19: ='Student Report'!$A9 | B19: ='Student Report'!$B9 | C19: ='Student Report'!$C9 | D19: ='Student Report'!$G9 | E19: ='Student Report'!$I9 | F19: ='Student Report'!$AJ9 | G19: ='Student Report'!$AK9 | H19: =IF($B19="","",COUNTIF(I19:O19,"Not Yet")) | I19: =IFERROR(IF('Student Report'!$V9<>"",IF('Student Report'!$V9>=Settings!$B$11,"Mastered",IF('Student Report'!$V9>=Settings!$B$12,"Approaching","Not Yet")),IF('Student Report'!$O9<>"",IF('Student Report'!$O9>=Settings!$B$11,"Mastered",IF('Student Report'!$O9>=Settings!$B$12,"Approaching","Not Yet")),"")),"") | J19: =IFERROR(IF('Student Report'!$W9<>"",IF('Student Report'!$W9>=Settings!$B$11,"Mastered",IF('Student Report'!$W9>=Settings!$B$12,"Approaching","Not Yet")),IF('Student Report'!$P9<>"",IF('Student Report'!$P9>=Settings!$B$11,"Mastered",IF('Student Report'!$P9>=Settings!$B$12,"Approaching","Not Yet")),"")),"") | K19: =IFERROR(IF('Student Report'!$X9<>"",IF('Student Report'!$X9>=Settings!$B$11,"Mastered",IF('Student Report'!$X9>=Settings!$B$12,"Approaching","Not Yet")),IF('Student Report'!$Q9<>"",IF('Student Report'!$Q9>=Settings!$B$11,"Mastered",IF('Student Report'!$Q9>=Settings!$B$12,"Approaching","Not Yet")),"")),"") | L19: =IFERROR(IF('Student Report'!$Y9<>"",IF('Student Report'!$Y9>=Settings!$B$11,"Mastered",IF('Student Report'!$Y9>=Settings!$B$12,"Approaching","Not Yet")),IF('Student Report'!$R9<>"",IF('Student Report'!$R9>=Settings!$B$11,"Mastered",IF('Student Report'!$R9>=Settings!$B$12,"Approaching","Not Yet")),"")),"") | M19: =IFERROR(IF('Student Report'!$Z9<>"",IF('Student Report'!$Z9>=Settings!$B$11,"Mastered",IF('Student Report'!$Z9>=Settings!$B$12,"Approaching","Not Yet")),IF('Student Report'!$S9<>"",IF('Student Report'!$S9>=Settings!$B$11,"Mastered",IF('Student Report'!$S9>=Settings!$B$12,"Approaching","Not Yet")),"")),"") | N19: =IFERROR(IF('Student Report'!$AA9<>"",IF('Student Report'!$AA9>=Settings!$B$11,"Mastered",IF('Student Report'!$AA9>=Settings!$B$12,"Approaching","Not Yet")),IF('Student Report'!$T9<>"",IF('Student Report'!$T9>=Settings!$B$11,"Mastered",IF('Student Report'!$T9>=Settings!$B$12,"Approaching","Not Yet")),"")),"") | O19: =IFERROR(IF('Student Report'!$AB9<>"",IF('Student Report'!$AB9>=Settings!$B$11,"Mastered",IF('Student Report'!$AB9>=Settings!$B$12,"Approaching","Not Yet")),IF('Student Report'!$U9<>"",IF('Student Report'!$U9>=Settings!$B$11,"Mastered",IF('Student Report'!$U9>=Settings!$B$12,"Approaching","Not Yet")),"")),"")
A20: ='Student Report'!$A10 | B20: ='Student Report'!$B10 | C20: ='Student Report'!$C10 | D20: ='Student Report'!$G10 | E20: ='Student Report'!$I10 | F20: ='Student Report'!$AJ10 | G20: ='Student Report'!$AK10 | H20: =IF($B20="","",COUNTIF(I20:O20,"Not Yet")) | I20: =IFERROR(IF('Student Report'!$V10<>"",IF('Student Report'!$V10>=Settings!$B$11,"Mastered",IF('Student Report'!$V10>=Settings!$B$12,"Approaching","Not Yet")),IF('Student Report'!$O10<>"",IF('Student Report'!$O10>=Settings!$B$11,"Mastered",IF('Student Report'!$O10>=Settings!$B$12,"Approaching","Not Yet")),"")),"") | J20: =IFERROR(IF('Student Report'!$W10<>"",IF('Student Report'!$W10>=Settings!$B$11,"Mastered",IF('Student Report'!$W10>=Settings!$B$12,"Approaching","Not Yet")),IF('Student Report'!$P10<>"",IF('Student Report'!$P10>=Settings!$B$11,"Mastered",IF('Student Report'!$P10>=Settings!$B$12,"Approaching","Not Yet")),"")),"") | K20: =IFERROR(IF('Student Report'!$X10<>"",IF('Student Report'!$X10>=Settings!$B$11,"Mastered",IF('Student Report'!$X10>=Settings!$B$12,"Approaching","Not Yet")),IF('Student Report'!$Q10<>"",IF('Student Report'!$Q10>=Settings!$B$11,"Mastered",IF('Student Report'!$Q10>=Settings!$B$12,"Approaching","Not Yet")),"")),"") | L20: =IFERROR(IF('Student Report'!$Y10<>"",IF('Student Report'!$Y10>=Settings!$B$11,"Mastered",IF('Student Report'!$Y10>=Settings!$B$12,"Approaching","Not Yet")),IF('Student Report'!$R10<>"",IF('Student Report'!$R10>=Settings!$B$11,"Mastered",IF('Student Report'!$R10>=Settings!$B$12,"Approaching","Not Yet")),"")),"") | M20: =IFERROR(IF('Student Report'!$Z10<>"",IF('Student Report'!$Z10>=Settings!$B$11,"Mastered",IF('Student Report'!$Z10>=Settings!$B$12,"Approaching","Not Yet")),IF('Student Report'!$S10<>"",IF('Student Report'!$S10>=Settings!$B$11,"Mastered",IF('Student Report'!$S10>=Settings!$B$12,"Approaching","Not Yet")),"")),"") | N20: =IFERROR(IF('Student Report'!$AA10<>"",IF('Student Report'!$AA10>=Settings!$B$11,"Mastered",IF('Student Report'!$AA10>=Settings!$B$12,"Approaching","Not Yet")),IF('Student Report'!$T10<>"",IF('Student Report'!$T10>=Settings!$B$11,"Mastered",IF('Student Report'!$T10>=Settings!$B$12,"Approaching","Not Yet")),"")),"") | O20: =IFERROR(IF('Student Report'!$AB10<>"",IF('Student Report'!$AB10>=Settings!$B$11,"Mastered",IF('Student Report'!$AB10>=Settings!$B$12,"Approaching","Not Yet")),IF('Student Report'!$U10<>"",IF('Student Report'!$U10>=Settings!$B$11,"Mastered",IF('Student Report'!$U10>=Settings!$B$12,"Approaching","Not Yet")),"")),"")
A21: ='Student Report'!$A11 | B21: ='Student Report'!$B11 | C21: ='Student Report'!$C11 | D21: ='Student Report'!$G11 | E21: ='Student Report'!$I11 | F21: ='Student Report'!$AJ11 | G21: ='Student Report'!$AK11 | H21: =IF($B21="","",COUNTIF(I21:O21,"Not Yet")) | I21: =IFERROR(IF('Student Report'!$V11<>"",IF('Student Report'!$V11>=Settings!$B$11,"Mastered",IF('Student Report'!$V11>=Settings!$B$12,"Approaching","Not Yet")),IF('Student Report'!$O11<>"",IF('Student Report'!$O11>=Settings!$B$11,"Mastered",IF('Student Report'!$O11>=Settings!$B$12,"Approaching","Not Yet")),"")),"") | J21: =IFERROR(IF('Student Report'!$W11<>"",IF('Student Report'!$W11>=Settings!$B$11,"Mastered",IF('Student Report'!$W11>=Settings!$B$12,"Approaching","Not Yet")),IF('Student Report'!$P11<>"",IF('Student Report'!$P11>=Settings!$B$11,"Mastered",IF('Student Report'!$P11>=Settings!$B$12,"Approaching","Not Yet")),"")),"") | K21: =IFERROR(IF('Student Report'!$X11<>"",IF('Student Report'!$X11>=Settings!$B$11,"Mastered",IF('Student Report'!$X11>=Settings!$B$12,"Approaching","Not Yet")),IF('Student Report'!$Q11<>"",IF('Student Report'!$Q11>=Settings!$B$11,"Mastered",IF('Student Report'!$Q11>=Settings!$B$12,"Approaching","Not Yet")),"")),"") | L21: =IFERROR(IF('Student Report'!$Y11<>"",IF('Student Report'!$Y11>=Settings!$B$11,"Mastered",IF('Student Report'!$Y11>=Settings!$B$12,"Approaching","Not Yet")),IF('Student Report'!$R11<>"",IF('Student Report'!$R11>=Settings!$B$11,"Mastered",IF('Student Report'!$R11>=Settings!$B$12,"Approaching","Not Yet")),"")),"") | M21: =IFERROR(IF('Student Report'!$Z11<>"",IF('Student Report'!$Z11>=Settings!$B$11,"Mastered",IF('Student Report'!$Z11>=Settings!$B$12,"Approaching","Not Yet")),IF('Student Report'!$S11<>"",IF('Student Report'!$S11>=Settings!$B$11,"Mastered",IF('Student Report'!$S11>=Settings!$B$12,"Approaching","Not Yet")),"")),"") | N21: =IFERROR(IF('Student Report'!$AA11<>"",IF('Student Report'!$AA11>=Settings!$B$11,"Mastered",IF('Student Report'!$AA11>=Settings!$B$12,"Approaching","Not Yet")),IF('Student Report'!$T11<>"",IF('Student Report'!$T11>=Settings!$B$11,"Mastered",IF('Student Report'!$T11>=Settings!$B$12,"Approaching","Not Yet")),"")),"") | O21: =IFERROR(IF('Student Report'!$AB11<>"",IF('Student Report'!$AB11>=Settings!$B$11,"Mastered",IF('Student Report'!$AB11>=Settings!$B$12,"Approaching","Not Yet")),IF('Student Report'!$U11<>"",IF('Student Report'!$U11>=Settings!$B$11,"Mastered",IF('Student Report'!$U11>=Settings!$B$12,"Approaching","Not Yet")),"")),"")
A22: ='Student Report'!$A12 | B22: ='Student Report'!$B12 | C22: ='Student Report'!$C12 | D22: ='Student Report'!$G12 | E22: ='Student Report'!$I12 | F22: ='Student Report'!$AJ12 | G22: ='Student Report'!$AK12 | H22: =IF($B22="","",COUNTIF(I22:O22,"Not Yet")) | I22: =IFERROR(IF('Student Report'!$V12<>"",IF('Student Report'!$V12>=Settings!$B$11,"Mastered",IF('Student Report'!$V12>=Settings!$B$12,"Approaching","Not Yet")),IF('Student Report'!$O12<>"",IF('Student Report'!$O12>=Settings!$B$11,"Mastered",IF('Student Report'!$O12>=Settings!$B$12,"Approaching","Not Yet")),"")),"") | J22: =IFERROR(IF('Student Report'!$W12<>"",IF('Student Report'!$W12>=Settings!$B$11,"Mastered",IF('Student Report'!$W12>=Settings!$B$12,"Approaching","Not Yet")),IF('Student Report'!$P12<>"",IF('Student Report'!$P12>=Settings!$B$11,"Mastered",IF('Student Report'!$P12>=Settings!$B$12,"Approaching","Not Yet")),"")),"") | K22: =IFERROR(IF('Student Report'!$X12<>"",IF('Student Report'!$X12>=Settings!$B$11,"Mastered",IF('Student Report'!$X12>=Settings!$B$12,"Approaching","Not Yet")),IF('Student Report'!$Q12<>"",IF('Student Report'!$Q12>=Settings!$B$11,"Mastered",IF('Student Report'!$Q12>=Settings!$B$12,"Approaching","Not Yet")),"")),"") | L22: =IFERROR(IF('Student Report'!$Y12<>"",IF('Student Report'!$Y12>=Settings!$B$11,"Mastered",IF('Student Report'!$Y12>=Settings!$B$12,"Approaching","Not Yet")),IF('Student Report'!$R12<>"",IF('Student Report'!$R12>=Settings!$B$11,"Mastered",IF('Student Report'!$R12>=Settings!$B$12,"Approaching","Not Yet")),"")),"") | M22: =IFERROR(IF('Student Report'!$Z12<>"",IF('Student Report'!$Z12>=Settings!$B$11,"Mastered",IF('Student Report'!$Z12>=Settings!$B$12,"Approaching","Not Yet")),IF('Student Report'!$S12<>"",IF('Student Report'!$S12>=Settings!$B$11,"Mastered",IF('Student Report'!$S12>=Settings!$B$12,"Approaching","Not Yet")),"")),"") | N22: =IFERROR(IF('Student Report'!$AA12<>"",IF('Student Report'!$AA12>=Settings!$B$11,"Mastered",IF('Student Report'!$AA12>=Settings!$B$12,"Approaching","Not Yet")),IF('Student Report'!$T12<>"",IF('Student Report'!$T12>=Settings!$B$11,"Mastered",IF('Student Report'!$T12>=Settings!$B$12,"Approaching","Not Yet")),"")),"") | O22: =IFERROR(IF('Student Report'!$AB12<>"",IF('Student Report'!$AB12>=Settings!$B$11,"Mastered",IF('Student Report'!$AB12>=Settings!$B$12,"Approaching","Not Yet")),IF('Student Report'!$U12<>"",IF('Student Report'!$U12>=Settings!$B$11,"Mastered",IF('Student Report'!$U12>=Settings!$B$12,"Approaching","Not Yet")),"")),"")
A23: ='Student Report'!$A13 | B23: ='Student Report'!$B13 | C23: ='Student Report'!$C13 | D23: ='Student Report'!$G13 | E23: ='Student Report'!$I13 | F23: ='Student Report'!$AJ13 | G23: ='Student Report'!$AK13 | H23: =IF($B23="","",COUNTIF(I23:O23,"Not Yet")) | I23: =IFERROR(IF('Student Report'!$V13<>"",IF('Student Report'!$V13>=Settings!$B$11,"Mastered",IF('Student Report'!$V13>=Settings!$B$12,"Approaching","Not Yet")),IF('Student Report'!$O13<>"",IF('Student Report'!$O13>=Settings!$B$11,"Mastered",IF('Student Report'!$O13>=Settings!$B$12,"Approaching","Not Yet")),"")),"") | J23: =IFERROR(IF('Student Report'!$W13<>"",IF('Student Report'!$W13>=Settings!$B$11,"Mastered",IF('Student Report'!$W13>=Settings!$B$12,"Approaching","Not Yet")),IF('Student Report'!$P13<>"",IF('Student Report'!$P13>=Settings!$B$11,"Mastered",IF('Student Report'!$P13>=Settings!$B$12,"Approaching","Not Yet")),"")),"") | K23: =IFERROR(IF('Student Report'!$X13<>"",IF('Student Report'!$X13>=Settings!$B$11,"Mastered",IF('Student Report'!$X13>=Settings!$B$12,"Approaching","Not Yet")),IF('Student Report'!$Q13<>"",IF('Student Report'!$Q13>=Settings!$B$11,"Mastered",IF('Student Report'!$Q13>=Settings!$B$12,"Approaching","Not Yet")),"")),"") | L23: =IFERROR(IF('Student Report'!$Y13<>"",IF('Student Report'!$Y13>=Settings!$B$11,"Mastered",IF('Student Report'!$Y13>=Settings!$B$12,"Approaching","Not Yet")),IF('Student Report'!$R13<>"",IF('Student Report'!$R13>=Settings!$B$11,"Mastered",IF('Student Report'!$R13>=Settings!$B$12,"Approaching","Not Yet")),"")),"") | M23: =IFERROR(IF('Student Report'!$Z13<>"",IF('Student Report'!$Z13>=Settings!$B$11,"Mastered",IF('Student Report'!$Z13>=Settings!$B$12,"Approaching","Not Yet")),IF('Student Report'!$S13<>"",IF('Student Report'!$S13>=Settings!$B$11,"Mastered",IF('Student Report'!$S13>=Settings!$B$12,"Approaching","Not Yet")),"")),"") | N23: =IFERROR(IF('Student Report'!$AA13<>"",IF('Student Report'!$AA13>=Settings!$B$11,"Mastered",IF('Student Report'!$AA13>=Settings!$B$12,"Approaching","Not Yet")),IF('Student Report'!$T13<>"",IF('Student Report'!$T13>=Settings!$B$11,"Mastered",IF('Student Report'!$T13>=Settings!$B$12,"Approaching","Not Yet")),"")),"") | O23: =IFERROR(IF('Student Report'!$AB13<>"",IF('Student Report'!$AB13>=Settings!$B$11,"Mastered",IF('Student Report'!$AB13>=Settings!$B$12,"Approaching","Not Yet")),IF('Student Report'!$U13<>"",IF('Student Report'!$U13>=Settings!$B$11,"Mastered",IF('Student Report'!$U13>=Settings!$B$12,"Approaching","Not Yet")),"")),"")
A24: ='Student Report'!$A14 | B24: ='Student Report'!$B14 | C24: ='Student Report'!$C14 | D24: ='Student Report'!$G14 | E24: ='Student Report'!$I14 | F24: ='Student Report'!$AJ14 | G24: ='Student Report'!$AK14 | H24: =IF($B24="","",COUNTIF(I24:O24,"Not Yet")) | I24: =IFERROR(IF('Student Report'!$V14<>"",IF('Student Report'!$V14>=Settings!$B$11,"Mastered",IF('Student Report'!$V14>=Settings!$B$12,"Approaching","Not Yet")),IF('Student Report'!$O14<>"",IF('Student Report'!$O14>=Settings!$B$11,"Mastered",IF('Student Report'!$O14>=Settings!$B$12,"Approaching","Not Yet")),"")),"") | J24: =IFERROR(IF('Student Report'!$W14<>"",IF('Student Report'!$W14>=Settings!$B$11,"Mastered",IF('Student Report'!$W14>=Settings!$B$12,"Approaching","Not Yet")),IF('Student Report'!$P14<>"",IF('Student Report'!$P14>=Settings!$B$11,"Mastered",IF('Student Report'!$P14>=Settings!$B$12,"Approaching","Not Yet")),"")),"") | K24: =IFERROR(IF('Student Report'!$X14<>"",IF('Student Report'!$X14>=Settings!$B$11,"Mastered",IF('Student Report'!$X14>=Settings!$B$12,"Approaching","Not Yet")),IF('Student Report'!$Q14<>"",IF('Student Report'!$Q14>=Settings!$B$11,"Mastered",IF('Student Report'!$Q14>=Settings!$B$12,"Approaching","Not Yet")),"")),"") | L24: =IFERROR(IF('Student Report'!$Y14<>"",IF('Student Report'!$Y14>=Settings!$B$11,"Mastered",IF('Student Report'!$Y14>=Settings!$B$12,"Approaching","Not Yet")),IF('Student Report'!$R14<>"",IF('Student Report'!$R14>=Settings!$B$11,"Mastered",IF('Student Report'!$R14>=Settings!$B$12,"Approaching","Not Yet")),"")),"") | M24: =IFERROR(IF('Student Report'!$Z14<>"",IF('Student Report'!$Z14>=Settings!$B$11,"Mastered",IF('Student Report'!$Z14>=Settings!$B$12,"Approaching","Not Yet")),IF('Student Report'!$S14<>"",IF('Student Report'!$S14>=Settings!$B$11,"Mastered",IF('Student Report'!$S14>=Settings!$B$12,"Approaching","Not Yet")),"")),"") | N24: =IFERROR(IF('Student Report'!$AA14<>"",IF('Student Report'!$AA14>=Settings!$B$11,"Mastered",IF('Student Report'!$AA14>=Settings!$B$12,"Approaching","Not Yet")),IF('Student Report'!$T14<>"",IF('Student Report'!$T14>=Settings!$B$11,"Mastered",IF('Student Report'!$T14>=Settings!$B$12,"Approaching","Not Yet")),"")),"") | O24: =IFERROR(IF('Student Report'!$AB14<>"",IF('Student Report'!$AB14>=Settings!$B$11,"Mastered",IF('Student Report'!$AB14>=Settings!$B$12,"Approaching","Not Yet")),IF('Student Report'!$U14<>"",IF('Student Report'!$U14>=Settings!$B$11,"Mastered",IF('Student Report'!$U14>=Settings!$B$12,"Approaching","Not Yet")),"")),"")
A25: ='Student Report'!$A15 | B25: ='Student Report'!$B15 | C25: ='Student Report'!$C15 | D25: ='Student Report'!$G15 | E25: ='Student Report'!$I15 | F25: ='Student Report'!$AJ15 | G25: ='Student Report'!$AK15 | H25: =IF($B25="","",COUNTIF(I25:O25,"Not Yet")) | I25: =IFERROR(IF('Student Report'!$V15<>"",IF('Student Report'!$V15>=Settings!$B$11,"Mastered",IF('Student Report'!$V15>=Settings!$B$12,"Approaching","Not Yet")),IF('Student Report'!$O15<>"",IF('Student Report'!$O15>=Settings!$B$11,"Mastered",IF('Student Report'!$O15>=Settings!$B$12,"Approaching","Not Yet")),"")),"") | J25: =IFERROR(IF('Student Report'!$W15<>"",IF('Student Report'!$W15>=Settings!$B$11,"Mastered",IF('Student Report'!$W15>=Settings!$B$12,"Approaching","Not Yet")),IF('Student Report'!$P15<>"",IF('Student Report'!$P15>=Settings!$B$11,"Mastered",IF('Student Report'!$P15>=Settings!$B$12,"Approaching","Not Yet")),"")),"") | K25: =IFERROR(IF('Student Report'!$X15<>"",IF('Student Report'!$X15>=Settings!$B$11,"Mastered",IF('Student Report'!$X15>=Settings!$B$12,"Approaching","Not Yet")),IF('Student Report'!$Q15<>"",IF('Student Report'!$Q15>=Settings!$B$11,"Mastered",IF('Student Report'!$Q15>=Settings!$B$12,"Approaching","Not Yet")),"")),"") | L25: =IFERROR(IF('Student Report'!$Y15<>"",IF('Student Report'!$Y15>=Settings!$B$11,"Mastered",IF('Student Report'!$Y15>=Settings!$B$12,"Approaching","Not Yet")),IF('Student Report'!$R15<>"",IF('Student Report'!$R15>=Settings!$B$11,"Mastered",IF('Student Report'!$R15>=Settings!$B$12,"Approaching","Not Yet")),"")),"") | M25: =IFERROR(IF('Student Report'!$Z15<>"",IF('Student Report'!$Z15>=Settings!$B$11,"Mastered",IF('Student Report'!$Z15>=Settings!$B$12,"Approaching","Not Yet")),IF('Student Report'!$S15<>"",IF('Student Report'!$S15>=Settings!$B$11,"Mastered",IF('Student Report'!$S15>=Settings!$B$12,"Approaching","Not Yet")),"")),"") | N25: =IFERROR(IF('Student Report'!$AA15<>"",IF('Student Report'!$AA15>=Settings!$B$11,"Mastered",IF('Student Report'!$AA15>=Settings!$B$12,"Approaching","Not Yet")),IF('Student Report'!$T15<>"",IF('Student Report'!$T15>=Settings!$B$11,"Mastered",IF('Student Report'!$T15>=Settings!$B$12,"Approaching","Not Yet")),"")),"") | O25: =IFERROR(IF('Student Report'!$AB15<>"",IF('Student Report'!$AB15>=Settings!$B$11,"Mastered",IF('Student Report'!$AB15>=Settings!$B$12,"Approaching","Not Yet")),IF('Student Report'!$U15<>"",IF('Student Report'!$U15>=Settings!$B$11,"Mastered",IF('Student Report'!$U15>=Settings!$B$12,"Approaching","Not Yet")),"")),"")
A26: ='Student Report'!$A16 | B26: ='Student Report'!$B16 | C26: ='Student Report'!$C16 | D26: ='Student Report'!$G16 | E26: ='Student Report'!$I16 | F26: ='Student Report'!$AJ16 | G26: ='Student Report'!$AK16 | H26: =IF($B26="","",COUNTIF(I26:O26,"Not Yet")) | I26: =IFERROR(IF('Student Report'!$V16<>"",IF('Student Report'!$V16>=Settings!$B$11,"Mastered",IF('Student Report'!$V16>=Settings!$B$12,"Approaching","Not Yet")),IF('Student Report'!$O16<>"",IF('Student Report'!$O16>=Settings!$B$11,"Mastered",IF('Student Report'!$O16>=Settings!$B$12,"Approaching","Not Yet")),"")),"") | J26: =IFERROR(IF('Student Report'!$W16<>"",IF('Student Report'!$W16>=Settings!$B$11,"Mastered",IF('Student Report'!$W16>=Settings!$B$12,"Approaching","Not Yet")),IF('Student Report'!$P16<>"",IF('Student Report'!$P16>=Settings!$B$11,"Mastered",IF('Student Report'!$P16>=Settings!$B$12,"Approaching","Not Yet")),"")),"") | K26: =IFERROR(IF('Student Report'!$X16<>"",IF('Student Report'!$X16>=Settings!$B$11,"Mastered",IF('Student Report'!$X16>=Settings!$B$12,"Approaching","Not Yet")),IF('Student Report'!$Q16<>"",IF('Student Report'!$Q16>=Settings!$B$11,"Mastered",IF('Student Report'!$Q16>=Settings!$B$12,"Approaching","Not Yet")),"")),"") | L26: =IFERROR(IF('Student Report'!$Y16<>"",IF('Student Report'!$Y16>=Settings!$B$11,"Mastered",IF('Student Report'!$Y16>=Settings!$B$12,"Approaching","Not Yet")),IF('Student Report'!$R16<>"",IF('Student Report'!$R16>=Settings!$B$11,"Mastered",IF('Student Report'!$R16>=Settings!$B$12,"Approaching","Not Yet")),"")),"") | M26: =IFERROR(IF('Student Report'!$Z16<>"",IF('Student Report'!$Z16>=Settings!$B$11,"Mastered",IF('Student Report'!$Z16>=Settings!$B$12,"Approaching","Not Yet")),IF('Student Report'!$S16<>"",IF('Student Report'!$S16>=Settings!$B$11,"Mastered",IF('Student Report'!$S16>=Settings!$B$12,"Approaching","Not Yet")),"")),"") | N26: =IFERROR(IF('Student Report'!$AA16<>"",IF('Student Report'!$AA16>=Settings!$B$11,"Mastered",IF('Student Report'!$AA16>=Settings!$B$12,"Approaching","Not Yet")),IF('Student Report'!$T16<>"",IF('Student Report'!$T16>=Settings!$B$11,"Mastered",IF('Student Report'!$T16>=Settings!$B$12,"Approaching","Not Yet")),"")),"") | O26: =IFERROR(IF('Student Report'!$AB16<>"",IF('Student Report'!$AB16>=Settings!$B$11,"Mastered",IF('Student Report'!$AB16>=Settings!$B$12,"Approaching","Not Yet")),IF('Student Report'!$U16<>"",IF('Student Report'!$U16>=Settings!$B$11,"Mastered",IF('Student Report'!$U16>=Settings!$B$12,"Approaching","Not Yet")),"")),"")
A27: ='Student Report'!$A17 | B27: ='Student Report'!$B17 | C27: ='Student Report'!$C17 | D27: ='Student Report'!$G17 | E27: ='Student Report'!$I17 | F27: ='Student Report'!$AJ17 | G27: ='Student Report'!$AK17 | H27: =IF($B27="","",COUNTIF(I27:O27,"Not Yet")) | I27: =IFERROR(IF('Student Report'!$V17<>"",IF('Student Report'!$V17>=Settings!$B$11,"Mastered",IF('Student Report'!$V17>=Settings!$B$12,"Approaching","Not Yet")),IF('Student Report'!$O17<>"",IF('Student Report'!$O17>=Settings!$B$11,"Mastered",IF('Student Report'!$O17>=Settings!$B$12,"Approaching","Not Yet")),"")),"") | J27: =IFERROR(IF('Student Report'!$W17<>"",IF('Student Report'!$W17>=Settings!$B$11,"Mastered",IF('Student Report'!$W17>=Settings!$B$12,"Approaching","Not Yet")),IF('Student Report'!$P17<>"",IF('Student Report'!$P17>=Settings!$B$11,"Mastered",IF('Student Report'!$P17>=Settings!$B$12,"Approaching","Not Yet")),"")),"") | K27: =IFERROR(IF('Student Report'!$X17<>"",IF('Student Report'!$X17>=Settings!$B$11,"Mastered",IF('Student Report'!$X17>=Settings!$B$12,"Approaching","Not Yet")),IF('Student Report'!$Q17<>"",IF('Student Report'!$Q17>=Settings!$B$11,"Mastered",IF('Student Report'!$Q17>=Settings!$B$12,"Approaching","Not Yet")),"")),"") | L27: =IFERROR(IF('Student Report'!$Y17<>"",IF('Student Report'!$Y17>=Settings!$B$11,"Mastered",IF('Student Report'!$Y17>=Settings!$B$12,"Approaching","Not Yet")),IF('Student Report'!$R17<>"",IF('Student Report'!$R17>=Settings!$B$11,"Mastered",IF('Student Report'!$R17>=Settings!$B$12,"Approaching","Not Yet")),"")),"") | M27: =IFERROR(IF('Student Report'!$Z17<>"",IF('Student Report'!$Z17>=Settings!$B$11,"Mastered",IF('Student Report'!$Z17>=Settings!$B$12,"Approaching","Not Yet")),IF('Student Report'!$S17<>"",IF('Student Report'!$S17>=Settings!$B$11,"Mastered",IF('Student Report'!$S17>=Settings!$B$12,"Approaching","Not Yet")),"")),"") | N27: =IFERROR(IF('Student Report'!$AA17<>"",IF('Student Report'!$AA17>=Settings!$B$11,"Mastered",IF('Student Report'!$AA17>=Settings!$B$12,"Approaching","Not Yet")),IF('Student Report'!$T17<>"",IF('Student Report'!$T17>=Settings!$B$11,"Mastered",IF('Student Report'!$T17>=Settings!$B$12,"Approaching","Not Yet")),"")),"") | O27: =IFERROR(IF('Student Report'!$AB17<>"",IF('Student Report'!$AB17>=Settings!$B$11,"Mastered",IF('Student Report'!$AB17>=Settings!$B$12,"Approaching","Not Yet")),IF('Student Report'!$U17<>"",IF('Student Report'!$U17>=Settings!$B$11,"Mastered",IF('Student Report'!$U17>=Settings!$B$12,"Approaching","Not Yet")),"")),"")
... A165: ='Student Report'!$A155 | B165: ='Student Report'!$B155 | C165: ='Student Report'!$C155 | D165: ='Student Report'!$G155 | E165: ='Student Report'!$I155 | F165: ='Student Report'!$AJ155 | G165: ='Student Report'!$AK155 | H165: =IF($B165="","",COUNTIF(I165:O165,"Not Yet")) | I165: =IFERROR(IF('Student Report'!$V155<>"",IF('Student Report'!$V155>=Settings!$B$11,"Mastered",IF('Student Report'!$V155>=Settings!$B$12,"Approaching","Not Yet")),IF('Student Report'!$O155<>"",IF('Student Report'!$O155>=Settings!$B$11,"Mastered",IF('Student Report'!$O155>=Settings!$B$12,"Approaching","Not Yet")),"")),"") | J165: =IFERROR(IF('Student Report'!$W155<>"",IF('Student Report'!$W155>=Settings!$B$11,"Mastered",IF('Student Report'!$W155>=Settings!$B$12,"Approaching","Not Yet")),IF('Student Report'!$P155<>"",IF('Student Report'!$P155>=Settings!$B$11,"Mastered",IF('Student Report'!$P155>=Settings!$B$12,"Approaching","Not Yet")),"")),"") | K165: =IFERROR(IF('Student Report'!$X155<>"",IF('Student Report'!$X155>=Settings!$B$11,"Mastered",IF('Student Report'!$X155>=Settings!$B$12,"Approaching","Not Yet")),IF('Student Report'!$Q155<>"",IF('Student Report'!$Q155>=Settings!$B$11,"Mastered",IF('Student Report'!$Q155>=Settings!$B$12,"Approaching","Not Yet")),"")),"") | L165: =IFERROR(IF('Student Report'!$Y155<>"",IF('Student Report'!$Y155>=Settings!$B$11,"Mastered",IF('Student Report'!$Y155>=Settings!$B$12,"Approaching","Not Yet")),IF('Student Report'!$R155<>"",IF('Student Report'!$R155>=Settings!$B$11,"Mastered",IF('Student Report'!$R155>=Settings!$B$12,"Approaching","Not Yet")),"")),"") | M165: =IFERROR(IF('Student Report'!$Z155<>"",IF('Student Report'!$Z155>=Settings!$B$11,"Mastered",IF('Student Report'!$Z155>=Settings!$B$12,"Approaching","Not Yet")),IF('Student Report'!$S155<>"",IF('Student Report'!$S155>=Settings!$B$11,"Mastered",IF('Student Report'!$S155>=Settings!$B$12,"Approaching","Not Yet")),"")),"") | N165: =IFERROR(IF('Student Report'!$AA155<>"",IF('Student Report'!$AA155>=Settings!$B$11,"Mastered",IF('Student Report'!$AA155>=Settings!$B$12,"Approaching","Not Yet")),IF('Student Report'!$T155<>"",IF('Student Report'!$T155>=Settings!$B$11,"Mastered",IF('Student Report'!$T155>=Settings!$B$12,"Approaching","Not Yet")),"")),"") | O165: =IFERROR(IF('Student Report'!$AB155<>"",IF('Student Report'!$AB155>=Settings!$B$11,"Mastered",IF('Student Report'!$AB155>=Settings!$B$12,"Approaching","Not Yet")),IF('Student Report'!$U155<>"",IF('Student Report'!$U155>=Settings!$B$11,"Mastered",IF('Student Report'!$U155>=Settings!$B$12,"Approaching","Not Yet")),"")),"")

Sheet Standards Coverage
A1: Standards Coverage — what this instrument measures, and what it does not
A2: Read the second table before planning from this data. Roughly a quarter of the Grade 7 expectations cannot be measured in a written booklet and must be assessed through classroom performance tasks.
A4: Expectations assessed by this instrument
A5: Expectation | B5: Skill | C5: Items | D5: Category
A6: 7.L.GC.1 | B6: Grammar, usage & mechanics (GUM: semicolons in a complex series) | C6: 35 | D6: C-LNG
A7: 7.L.GC.2.a | B7: Apply syntax understanding to comprehend and analyze texts | C7: 21 | D7: I-LNG
A8: 7.L.GC.2.b | B8: Sentence variety; consistent verb tense | C8: 32, essay T3 | D8: C-LNG
A9: 7.L.GC.2.c | B9: Distinguish active and passive voice; revise for active voice | C9: 33, essay T3 | D9: C-LNG
A10: 7.L.GC.2.d | B10: Avoid misplaced and dangling modifiers | C10: 34, essay T3 | D10: C-LNG
A11: 7.L.V.2.a | B11: Greek and Latin roots and affixes | C11: 14 | D11: I-LNG
A12: 7.L.V.2.b | B12: Parts of speech as a clue to meaning | C12: 15 | D12: I-LNG
A13: 7.L.V.2.d | B13: Use parts of speech to choose precise words when writing | C13: 36 | D13: C-LNG
A14: 7.L.V.3.b | B14: Word relationships and context clues beyond the sentence | C14: 3 | D14: I-LNG
A15: 7.L.V.3.c | B15: Connotations of words sharing a denotation | C15: 19 | D15: I-LNG
A16: 7.L.V.1.b | B16: Use grade-level academic vocabulary to communicate precisely | C16: essay T3 | D16: C-LNG
... A41: 7.T.RA.2.c | B41: Follow a standard citation format when integrating evidence | C41: 27, 37, essay T2 | D41: C-TEC
A44: Expectations NOT assessed by this instrument — and how to assess them
A45: Expectation | B45: Skill | E45: How to assess it instead
A46: 7.T.C.1.b | B46: Use text mode features across disciplinary texts | D46: Partially covered by item 13 (data table). Full coverage needs multimodal and digital texts — assess in a science or social studies reading task.
A47: 7.T.SS.2.b | B47: Use figurative language for intentional effect when writing | D47: Narrative or poetic writing task. The essay on this instrument is argumentative.
A48: 7.T.T.1.e | B48: Apply narrative techniques to enhance writing | D48: Narrative writing performance task.
A49: 7.T.T.4.b | B49: Apply poetic techniques to produce poetry | D49: Poetry writing performance task.
A50: 7.T.RA.1.a-c | B50: Generate research questions; conduct research; analyze from research | D50: Multi-day research unit with a process rubric — cannot be captured in a single sitting.
A51: 7.T.PM.1.b | B51: Analyze a genre of literature from a particular time period | D51: Extended text study with a culminating analysis.
A52: 7.L.V.1.a | B52: Acquire vocabulary through print, digital, and multimodal texts | D52: Ongoing vocabulary assessment across the year.
A53: 7.L.V.3.d / 7.L.V.3.e | B53: Use print and digital reference tools to clarify meaning | D53: Requires tool access, which conflicts with secure testing. Assess during writing conferences.
A54: 7.L.V.2.c | B54: Construct words from Greek and Latin roots and affixes | D54: Assessed only indirectly through essay word choice. Use a morphology quiz.
A55: K-12.P.CP.1 | B55: Collaboration | D55: Structured discussion protocol with an observation rubric.
A56: K-12.P.CP.2 | B56: Presentation | D56: Oral presentation with a presentation rubric.
